,Symbol,Description
0,A,Agilent Technologies
1,AA,Alcoa Corp
2,AAC.S,Ares Acquisition Corp II [Aact.U]
3,AAC.T,Ares Acquisition Corp II [Aact.Ws]
4,AACT,Ares Acquisition Corporation II Cl A
5,AAM,AA Mission Acquisition Corp Cl A
6,AAM.U,AA Mission Acquisition Units
7,AAM.W,AA Mission Acquisition Corp WT
8,AAMI,Acadian Asset Management Inc
9,AAP,Advance Auto Parts Inc
10,AAT,American Assets Trust
11,AAUC,Allied Gold Corp
12,AB,Alliancebernstein Holding LP
13,ABBV,Abbvie Inc
14,ABCB,Ameris Bancorp
15,ABEV,Ambev S.A. ADR
16,ABG,Asbury Automotive Group Inc
17,ABM,ABM Industries Inc
18,ABR,Arbor Realty Trust
19,ABR-D,Arbor Realty Trust Inc
20,ABR-E,Arbor Realty Trust Inc
21,ABR-F,Arbor Realty Trust Inc
22,ABT,Abbott Laboratories
23,AC,Associated Capital Group Inc
24,ACA,Arcosa Inc
25,ACCO,Acco Brands Corp
26,ACEL,Accel Entertainment Inc
27,ACH.W,Archer Aviation Inc WT [Achr.W]
28,ACHR,Archer Aviation Inc
29,ACI,Albertsons Companies Inc Cl A
30,ACLO,Engine No. 1 ETF Trust Tcw AAA Clo ETF
31,ACM,Aecom Technology Corp
32,ACN,Accenture Plc
33,ACP,Abrnd Income Credit Strategies Fund
34,ACP-A,Aberdeen Income Credit Strategies Fund
35,ACR,Acres Commercial Realty Corp
36,ACR-C,Acres Commercial Realty Corp Pfd
37,ACR-D,Acres Commercial Realty Corp
38,ACRE,Ares Commercial Real Estate Cor
39,ACV,Virtus Diversified Income & Convertible Fund
40,ACVA,Acv Auctions Inc Cl A
41,ADC,Agree Realty Corp
42,ADC-A,Agree Realty Corp
43,ADCT,Adc Therapeutics Sa
44,ADM,Archer Daniels Midland
45,ADNT,Adient Plc
46,ADT,ADT Inc
47,ADX,Adams Diversified Equity Fund
48,AEE,Ameren Corp
49,AEFC,Aegon Funding Company Llc 5.10%
50,AEG,Aegon N.V. ADR
51,AEM,Agnico-Eagle Mines Ltd
52,AEO,American Eagle Outfitters
53,AER,Aercap Holdings N.V.
54,AES,The Aes Corp
55,AESI,Atlas Energy Solutions Inc Cl A
56,AFB,Alliance National Municipal
57,AFG,American Financial Group
58,AFGB,American Financial Group Inc 5.875%
59,AFGC,American Financial Group Inc 5.125%
60,AFGD,American Financial Group Inc 5.625%
61,AFGE,American Financial Group Inc 4.500%
62,AFL,Aflac Inc
63,AG,First Majestic Silver
64,AGCO,Agco Corp
65,AGD,Abrdn Global Dynamic Dividend Fund
66,AGI,Alamos Gold Inc
67,AGL,Agilon Health Inc
68,AGM,Federal Agricultural Mortgage Corp
69,AGM-D,Federal Agricultural Mortgage Corp [Agm/Pd]
70,AGM-E,Federal Agricultural Mortgage Corp [Agm/Pe]
71,AGM-F,Federal Agricultural Mortgage Corp [Agm/Pf]
72,AGM-G,Federal Agricultural Mortgage Corp
73,AGM.A,Federal Agricultural Mortgage Corp
74,AGO,Assured Guaranty Ltd
75,AGRO,Adecoagro S.A.
76,AGS,Playags Inc
77,AGX,Argan Inc
78,AHH,Armada Hoffler Properties Inc
79,AHH-A,Armada Hoffler Pptys Inc [Ahh/Pa]
80,AHL,Aspen Insurance Holdings Limited Cl A
81,AHL-D,Aspen Insurance Holdings Ltd [Ahl/Pd]
82,AHL-E,Aspen Insurance Holdings Ltd [Ahl/Pe]
83,AHL-F,Aspen Insurance Holdings Ltd Pfd F
84,AHR,American Healthcare REIT Inc
85,AHT,Ashford Hospitality Trust Inc
86,AHT-D,Ashford Hospitality TR Inc [Aht/Pd]
87,AHT-F,Ashford Hospitality TR Inc [Aht/Pf]
88,AHT-G,Ashford Hospitality TR Inc [Aht/Pg]
89,AHT-H,Ashford Hospitality TR Inc [Aht/Ph]
90,AHT-I,Ashford Hospitality TR Inc [Aht/Pi]
91,AI,C3.Ai Inc Cl A
92,AIFD,Tcw Artificial Intelligence ETF
93,AIG,American International Group
94,AII,American Integrity Insurance Group Inc
95,AIN,Albany International Corp
96,AIO,Virtus Artificial Intelligence & Tech Fund
97,AIR,AAR Corp
98,AIT,Applied Industrial Technologies
99,AIV,Apartment Investment and Management
100,AIZ,Assurant Inc
101,AIZN,Assurant Inc 5.25% Subordinated Notes Due 2061
102,AJG,Arthur J. Gallagher & Company
103,AKA,A.K.A. Brands Holding Corp
104,AKO.A,Embotell Andina Sa Cl A ADR
105,AKO.B,Embotell Andna Sa Cl B ADR
106,AKR,Acadia Realty Trust
107,AL,Air Lease Corp Cl A
108,ALB,Albemarle Corp
109,ALB-A,Albemarle Corp Pfd A
110,ALC,Alcon Inc
111,ALE,Allete Inc
112,ALEX,Alexander and Baldwin Inc
113,ALG,Alamo Group
114,ALIT,Alight Inc Cl A
115,ALK,Alaska Air Group
116,ALL,Allstate Corp
117,ALL-B,Allstate Corp [All/Pb]
118,ALL-H,Allstate Corp [All/Ph]
119,ALL-I,Allstate Corp [All/Pi]
120,ALL-J,Allstate Corp Pfd
121,ALLE,Allegion Plc
122,ALLY,Ally Financial
123,ALSN,Allison Transmission Holdings
124,ALT-A,Alta Equipment Group Inc
125,ALTG,Alta Equipment Group Inc
126,ALU.W,Allurion Technologies WT [Alur/W]
127,ALUR,Allurion Technologies Inc
128,ALV,Autoliv Inc
129,ALX,Alexander's Inc
130,AM,Antero Midstream Corp
131,AMB.T,Ardagh Metal Packaging Sa WT [Ambp/W]
132,AMBC,Ambac Financial Group
133,AMBP,Ardagh Metal Packaging S.A.
134,AMC,AMC Entertainment Holdings
135,AMCR,Amcor Plc
136,AME,Ametek Inc
137,AMG,Affiliated Managers Group
138,AMH,American Homes 4 Rent
139,AMH-G,American Homes 4 Rent [Amh/Pg]
140,AMH-H,American Homes 4 Rent [Amh/Ph]
141,AMN,Amn Healthcare Services Inc
142,AMP,Ameriprise Financial Services
143,AMP.V,Amprius Technologies Inc [Ampx.W]
144,AMPX,Amprius Technologies Inc
145,AMPY,Amplify Energy Corp
146,AMR,Alpha Metallurgical Resources Inc
147,AMRC,Ameresco Inc
148,AMRZ,Amrize Ltd
149,AMT,American Tower Corp
150,AMTB,Mercantil Bank Holding Cl A
151,AMTD,Amtd Idea Group
152,AMTM,Amentum Holdings Inc
153,AMWL,American Well Corp Cl A
154,AMX,America Movil S.A.B. DE C.V. ADR
155,AN,Autonation Inc
156,ANET,Arista Networks Inc
157,ANF,Abercrombie & Fitch Company
158,ANG-B,American National Group Inc
159,ANG-D,American National Group Inc
160,ANRO,Alto Neuroscience Inc
161,ANVS,Annovis Bio Inc
162,AOD,Aberdeen Total Dynamic Dividend Fund
163,AOMD,Angel Oak Mortgage REIT
164,AOMN,Angel Oak Mortgage REIT 9.500%
165,AOMR,Angel Oak Mortgage REIT Inc
166,AON,AON Plc
167,AORT,Artivion Inc
168,AOS,Smith A.O. Corp
169,AP,Ampco-Pittsburgh Corp
170,APAM,Artisan Partners Asset Mgmt
171,APD,Air Products and Chemicals
172,APG,Api Group Corp
173,APH,Amphenol Corp
174,APLE,Apple Hospitality REIT Inc
175,APO,Apollo Asset Management Inc
176,APO-A,Apollo Global Management Inc
177,APOS,Apollo Global Management 7.625%
178,APTV,Aptiv Plc
179,AQN,Algonquin Power & Util
180,AQNB,Algonquin Power & Utilities Corp 6.20% Fixed-To
181,AR,Antero Resources Corp
182,ARCO,Arcos Dorados Holdings Inc
183,ARDC,Ares Dynamic Credit Allocation
184,ARDT,Ardent Health Inc
185,ARE,Alexandria Real Estate Equities
186,ARE-B,Ares Management Corp Pfd B
187,ARES,Ares Management LP
188,ARG-A,Argo Group Intl Hldgs Ltd 7% Ser A [Argo/Pa]
189,ARGD,Argo Grp Itl Snr NTS
190,ARI,Apollo Commercial Real Estate
191,ARIS,Aris Water Solutions Inc Cl A
192,ARL,American Realty Investors
193,ARLO,Arlo Technologies Inc
194,ARMK,Aramark Holdings Corp
195,AROC,Archrock Inc
196,ARR,Armour Residential R
197,ARR-C,Armour Residential REIT Inc 7% Prf Perpetual USD
198,ARW,Arrow Electronics
199,AS,Amer Sports Inc
200,ASA,ASA Gold and Precious Metals
201,ASAN,Asana Inc Cl A
202,ASB,Associated Banc-Corp
203,ASB-E,Associated Banc-Corp [Asb/Pe]
204,ASB-F,Associated Banc-Corp
205,ASBA,Associated Banc-Corp 6.625%
206,ASC,Ardmore Shipping Corp
207,ASG,Liberty All-Star Growth Fund
208,ASGI,Aberdeen Standard Global Infrastructure
209,ASGN,On Assignment
210,ASH,Ashland Inc
211,ASIC,Ategrity Specialty Insurance Company Holdings
212,ASIX,Advansix Inc
213,ASPN,Aspen Aerogels Inc
214,ASR,Grupo Aeroportuario Del Sureste ADR
215,ASX,Ase Industrial Holding Ltd ADR
216,ATC-D,Atlas Corp [Atlo/Pd]
217,ATC-H,Atlas Corp [Atlo/Ph]
218,ATEN,A10 Networks Inc
219,ATGE,Adtalem Global Education Inc
220,ATH-A,Athene Holdings Ltd [Ath/Pa]
221,ATH-B,Antah Hlds Ltd
222,ATH-C,Athene Hldg Ltd
223,ATH-D,Athene Holding Ltd
224,ATH-E,Athene Hldg Ltd
225,ATHM,Autohome Inc ADR
226,ATHS,Athene Holding Ltd 7.250%
227,ATI,Ati Inc
228,ATKR,Atkore Inc
229,ATMU,Atmus Filtration Technologies Inc
230,ATO,Atmos Energy Corp
231,ATR,Aptargroup
232,ATS,Ats Corp Cda
233,ATUS,Altice USA Inc Cl A
234,AU,Anglogold Ashanti Ltd ADR
235,AUB,Atlantic Union Bancshares Corp
236,AUB-A,Atlantic Union Bankshares Corp Pfd A
237,AUNA,Auna Sa Cl A
238,AVA,Avista Corp
239,AVAL,Grupo Aval Acciones Y Valores S ADR
240,AVB,Avalonbay Communities
241,AVD,American Vanguard Corp
242,AVK,Advent Claymore Convertible Securities
243,AVNS,Avanos Medical Inc
244,AVNT,Avient Corp
245,AVTR,Avantor Inc
246,AVY,Avery Dennison Corp
247,AWF,Alliancebernstein Global High Income Fund
248,AWI,Armstrong World Industries Inc
249,AWK,American Water Works
250,AWP,Abrdn Global Premier Properties Fund
251,AWR,American States Water Company
252,AX,Axos Financial Inc
253,AXL,American Axle & Manufacturing
254,AXP,American Express Company
255,AXR,Amrep Corp
256,AXS,Axis Capital Holdings
257,AXS-E,Axis Capital Holdings Ltd [Axs/Pe]
258,AXTA,Axalta Coating Systems Ltd
259,AYI,Acuity Inc
260,AZEK,The Azek Company Cl A
261,AZO,Autozone
262,AZUL,Azul S.A. ADR
263,AZZ,Azz Inc
264,B,Barrick Mining Corp
265,BA,Boeing Company
266,BA-A,Boeing Company
267,BABA,Alibaba Group Holding ADR
268,BAC,Bank of America Corp
269,BAC-B,Bank of America Corp [Bac/Pb]
270,BAC-E,Bank of America Corp [Bac/Pe]
271,BAC-K,Bank of America Corp [Bac/Pk]
272,BAC-L,Bank of America Corp [Bac/Pl]
273,BAC-M,Bank of America Corp [Bac/Pm]
274,BAC-N,Bank of America Corp Prf Perpetual USD Ser LL D
275,BAC-O,Bank of America Corp
276,BAC-P,Bank of America Corp
277,BAC-Q,Bank of America Corp
278,BAC-S,Bank of America Corp
279,BAH,Booz Allen Hamilton Holding Corp
280,BAK,Braskem S.A. ADR
281,BALL,Ball Corporation
282,BALY,Ballys Corporation
283,BAM,Brookfield Asset Management Ltd
284,BAN-F,Banc of California Inc 7.75% [Banc/Pf]
285,BANC,First Pactrust Bancorp
286,BAP,Credicorp Ltd
287,BAR.W,Bark Inc WT
288,BARK,Bark Inc
289,BAX,Baxter International Inc
290,BB,Blackberry Ltd
291,BBA.W,Bigbear.Ai Holdings Inc WT [Bbai.W]
292,BBAI,Bigbear.Ai Holdings Inc
293,BBAR,Bbva Banco Frances S.A.
294,BBD,Banco Bradesco S.A. ADR
295,BBDC,Barings Bdc Inc
296,BBDO,Banco Bradesco S.A. ADR
297,BBN,Balckrock Build America Trust
298,BBU,Brookfield Business Partners LP
299,BBUC,Brookfield Business Corp
300,BBVA,Banco Bilbao Viscaya Argentaria S.A. ADR
301,BBW,Build-A-Bear Workshop
302,BBWI,Bath & Body Works Inc
303,BBY,Best Buy Company
304,BC,Brunswick Corp
305,BC-A,Brunswick Corp [Bc/Pa]
306,BC-C,Brunswick Corp [Bc/Pc]
307,BCAT,Blackrock Capital Allocation Trust
308,BCC,Boise Cascade L.L.C.
309,BCE,BCE Inc
310,BCH,Banco DE Chile ADR
311,BCO,Brink's Company
312,BCS,Barclays Plc ADR
313,BCSF,Bain Capital Specialty Finance Inc
314,BCX,Blackrock Resources
315,BDC,Belden Inc
316,BDJ,Blackrock Enhanced Dividend Achievers
317,BDN,Brandywine Realty Trust
318,BDX,Becton Dickinson and Company
319,BE,Bloom Energy Corp Cl A
320,BEDU,Bright Scholar Education Holdings Ltd ADR
321,BEKE,Ke Holdings Inc ADR
322,BEN,Franklin Resources
323,BEP,Brookfield Renewable
324,BEP-A,Brookfield Renewable Partners LP 5.25% Prf Perpe
325,BEPC,Brookfield Renewable Corp
326,BEPH,Brookfield Brp Holdings [Canada]
327,BEPI,Brookfield Brp Holdings [Canada] Inc 4.875%
328,BEPJ,Brookfield Brp Holdings [Canada] 7.250%
329,BF.A,Brown Forman Inc Cl A
330,BF.B,Brown Forman Inc Cl B
331,BFAM,Bright Horizons Family Solutions Inc
332,BFH,Bread Financial Hldgs Inc
333,BFK,Blackrock Muni Income Trust
334,BFL.W,Butterfly Network Inc WT [Bfly/W]
335,BFLY,Butterfly Network Inc
336,BFS,Saul Centers
337,BFS-D,Saul Ctrs Inc [Bfs/Pd]
338,BFS-E,Saul Centers Inc Prf Perpetual USD Ser E Rep 1/1
339,BFZ,Blackrock California Muni Trust
340,BG,Bunge Ltd
341,BGB,Blackstone Strategic Credit 2027 Term Fund
342,BGH,Babson Capital Global Short Du
343,BGR,Blackrock Energy and Resources Trust
344,BGS,B&G Foods Holdings
345,BGSF,Bgsf Inc
346,BGT,Blackrock Global
347,BGX,Blackstone Long-Short Credit Income Fund
348,BGY,Blackrock International
349,BH,Biglari Holdings Inc
350,BH.A,Biglari Holdings Inc Cl A
351,BHC,Bausch Health Companies Inc
352,BHE,Benchmark Electronics
353,BHK,Blackrock Core Trust
354,BHK-,
355,BHK.P,Blackrock Core Bond Trust Com [Bhkrw]
356,BHLB,Berkshire Hills Bancorp
357,BHP,Bhp Billiton Ltd ADR
358,BHR,Braemar Hotels & Resorts Inc
359,BHR-B,Braemar Hotels & Resorts Inc [Bhr/Pb]
360,BHR-D,Braemar Hotels & Resorts Inc [Bhr/Pd]
361,BHV,Blackrock Virginia Muni Trust
362,BHVN,Biohaven Ltd
363,BILL,Bill Holdings Inc
364,BIO,Bio-Rad Laboratories
365,BIP,Brookfield Infrastructure Partners LP
366,BIP-A,Brookfield Infrastructure Partners L.P.
367,BIP-B,Brookfield Infrastructure Partners L.P.
368,BIPC,Brookfield Infrastructure Partners LP Cl A
369,BIPH,Brookfield Infrastructure Corp 5.000%
370,BIPI,Bip Bermuda Holdings I 5.125% Perpetual
371,BIPJ,Brookfield Infrastructure Corp 7.250%
372,BIRK,Birkenstock Holding Plc
373,BIT,Blackrock Multi-Sector Income T
374,BJ,Bj's Wholesale Club Holdings Inc
375,BK,Bank of New York Mellon Corp
376,BK-K,Bank of New York Mellon Corp
377,BKD,Brookdale Senior Living Inc
378,BKE,Buckle Inc
379,BKH,Black Hills Corp
380,BKK.W,Bakkt Hldgs Inc WT
381,BKKT,Bakkt Hldgs Inc
382,BKN,Blackrock Investment Quality Municipal
383,BKS.W,Blacksky Technology Inc WT [Bksy.W]]
384,BKSY,Blacksky Technology Inc
385,BKT,Blackrock Income Trust Inc
386,BKU,BankUnited Inc
387,BKV,Bkv Corp
388,BLCO,Bausch & Lomb Corp
389,BLD,Topbuild Corp
390,BLDR,Builders Firstsource
391,BLE,Blackrock Muni Income Trust II
392,BLK,Blackrock Inc
393,BLND,Blend Labs Inc Cl A
394,BLW,Blackrock Ltd Duration Income Trust
395,BLX,Banco Latinoamericano DE Comercio
396,BMA,Banco Macro S.A. ADR
397,BME,Blackrock Health Sciences Trust
398,BMEZ,Blackrock Health Sciences Trust II
399,BMI,Badger Meter
400,BML-G,Bank of America Corp [Bml/Pg]
401,BML-H,Bank of America Corp [Bml/Ph]
402,BML-J,Bank of America Corp [Bml/Pj]
403,BML-L,Bank of America Corp [Bml/Pl]
404,BMN,Blackrock 2037 Municipal Target Term
405,BMO,Bank of Montreal
406,BMY,Bristol-Myers Squibb Company
407,BN,Brookfield Corp
408,BNED,Barnes & Noble Education Inc C
409,BNH,Brookfield Finance Inc 4.625% Subordinated Notes
410,BNJ,Brookfield Finance Inc 4.50%
411,BNL,Broadstone Net Lease Inc Cl A
412,BNS,Bank of Nova Scotia
413,BNT,Brookfield Wealth Solutions Ltd
414,BNY,Blackrock New York Muni Trust Inc
415,BOC,Boston Omaha Corp Cl A
416,BODI,The Beachbody Company Inc
417,BOE,Blackrock Global
418,BOH,Bank of Hawaii Corp
419,BOH-A,Bank of Hawaii
420,BOH-B,Bank of Hawaii Corp
421,BOND,Pimco Active Bond TR ETF
422,BOOT,Boot Barn Holdings Inc
423,BORR,Borr Drilling Ltd
424,BOW,Bowhead Specialty Holdings Inc
425,BOX,Box Inc
426,BP,BP Plc ADR
427,BPT,BP Prudhoe Bay Royalty Trust
428,BR,Broadridge Financial Solutions Llc
429,BRBR,Bellring Brands Inc Cl A
430,BRC,Brady Corp
431,BRCC,Brc Inc Cl A
432,BRDG,Bridge Investment Group Holdings Inc Cl A
433,BRFS,Brf-Brasil Foods S.A. ADR
434,BRK.A,Berkshire Hathaway Cl A
435,BRK.B,Berkshire Hathaway Cl B
436,BRO,Brown & Brown
437,BROS,Dutch Bros Inc Cl A
438,BRSP,Brightspire Capital Inc
439,BRT,BRT Realty Trust
440,BRW,Saba Capital Income & Opportunities Fund
441,BRX,Brixmor Property Group Inc
442,BSAC,Banco Santander Chile ADR
443,BSBR,Banco Santander Brasil S.A. ADR
444,BSL,Blackstone Senior Floating Rate 2027 Term Fund
445,BSM,Black Stone Minerals LP
446,BST,Blackrock Science and Technolo
447,BSTZ,Blackrock Science and Technology Trust II
448,BSX,Boston Scientific Corp
449,BTA,Blackrock Long-Term Muni Advantage Trust
450,BTCM,Bit Mining Ltd
451,BTE,Baytex Energy Corp
452,BTI,British American Tobacco Industries ADR
453,BTO,John Hancock Bank and Thrift Fund
454,BTT,Blackrock Municipal Target Term
455,BTU,Peabody Energy Corp
456,BTX,Blackrock Technology and Private Equity Term Tru
457,BTZ,Blackrock Preferred
458,BUD,Anheuser-Busch Inbev S.A. ADR
459,BUI,Blackrock Utility and Infrastr
460,BUR,Burford Capital Ltd
461,BURL,Burlington Stores Inc
462,BUXX,Strive Enhanced Income Short Maturity ETF
463,BV,Brightview Holdings Inc
464,BVN,Compania Mina Buenaventura S.A. ADR
465,BW,Babcock & Wilcox Enterprises
466,BW-A,Babcock & Wilcox Enterprises Inc
467,BWA,Borgwarner Inc
468,BWG,Legg Mason Bw Global Income
469,BWLP,Bw Lpg Ltd
470,BWMX,Betterware DE Mexico Sapi DE Cv
471,BWNB,Babcock & Wilcox Enterprises Inc 6.50%
472,BWSN,Babcock & Wilcox Enterprises Inc
473,BWXT,Bwx Technologies Inc
474,BX,Blackstone Inc
475,BXC,Bluelinx Holdings Inc
476,BXMT,Blackstone Mortgage Trust Inc Cl A
477,BXMX,Nuveen Equity Premium
478,BXP,Bxp Inc
479,BXSL,Blackstone Secured Lending Fund
480,BY,Byline Bancorp Inc
481,BYD,Boyd Gaming Corp
482,BYM,Blackrock Muni Income Quality Trust
483,BYON,Beyond Inc
484,BZH,Beazer Homes USA
485,C,Citigroup Inc
486,C-N,Citigroup Cap XiII [C/Pn]
487,CAAP,Corporacion America Airports Sa
488,CABO,Cable One Inc
489,CACI,Caci International
490,CAD-A,Cadence Bank [Cade/A]
491,CADE,Cadence Bank
492,CAE,Cae Inc
493,CAF,Morgan Stanley China A Share Fund Inc
494,CAG,Conagra Brands Inc
495,CAH,Cardinal Health
496,CAL,Caleres Inc
497,CALX,Calix Inc
498,CANG,Cango Inc ADR
499,CAPL,Crossamerica Partners LP
500,CARR,Carrier Global Corp
501,CARS,Cars.com Inc
502,CAT,Caterpillar Inc
503,CATO,Cato Corp
504,CAVA,Cava Group Inc
505,CB,Chubb Ltd
506,CBAN,Colony Bankcorp Inc
507,CBL,Cbl & Associates Properties Inc
508,CBNA,Chain Bridge Bancorp Inc Cl A
509,CBRE,CBRE Group Inc
510,CBT,Cabot Corp
511,CBU,Community Financial System Inc
512,CBZ,Cbiz Inc
513,CC,Chemours Company
514,CCI,Crown Castle Inc
515,CCIA,Carlyle Credit Income Fund
516,CCIF,Carlyle Credit Income Fund
517,CCJ,Cameco Corp
518,CCK,Crown Cork & Seal Company
519,CCL,Carnival Corp
520,CCM,Concord Medical Services ADR
521,CCO,Clear Channel Outdoor Holdings
522,CCRD,Corecard Corporation
523,CCS,Century Communities Inc
524,CCU,Compania Cervecerias Unidas S.A. ADR
525,CCZ,Comcast Corp
526,CDE,Coeur Mining Inc
527,CDLR,Cadeler As ADR
528,CDP,Copt Defense Properties
529,CDR-B,Cedar Realty Trust Inc [Cdr/Pb]
530,CDR-C,Cedar Realty Trust Inc [Cdr/Pc]
531,CDRE,Cadre Holdings Inc
532,CE,Celanese Corp
533,CEE,Central Europe and Russia Fund
534,CEL-,
535,CEL.P,Bristol Myers Squibb [Celg/R]
536,CEPU,Central Puerto S.A. ADR
537,CF,Cf Industries Holdings
538,CFG,Citizens Financial Group Inc/Ri
539,CFG-E,Citizens Financial Group Inc Prf Perpetual USD 2
540,CFG-H,Citizens Financial Group Inc Pfd H
541,CFR,Cullen/Frost Bankers
542,CFR-B,Cullen/Frost Bankers Inc
543,CGAU,Centerra Gold Inc
544,CGV,Affinity Conductor Global Equity Value ETF
545,CHCT,Community Healthcare Trust Inc
546,CHD,Church & Dwight Company
547,CHE,Chemed Inc
548,CHGG,Chegg Inc
549,CHH,Choice Hotels International
550,CHM-A,Cherry Hill Mtg Invt Corp [Chmi/Pa]
551,CHM-B,Cherry Hill Mtg Invt Corp [Chmi/Pb]
552,CHMI,Cherry Hill Mortgage Investmen
553,CHN,China Fund
554,CHPT,Chargepoint Hldgs Inc
555,CHT,Chunghwa Telecom Ltd ADR
556,CHWY,Chewy Inc
557,CI,The Cigna Group
558,CIA,Citizens Inc
559,CIB,Bancolombia S.A. ADR
560,CICB,Cion Investment Corporation 7.50%
561,CIEN,Ciena Corp
562,CIF,Colonial Intermediate High
563,CIG,Comp En DE MN Cemig ADR
564,CIG.C,Comp En DE MN Cemig Cl C ADR
565,CII,Blackrock Enhanced Large Cap Core Fund Inc
566,CIM,Chimera Investment Corp
567,CIM-A,Chimera Invt Corp [Cim/Pa]
568,CIM-B,Chimera Invt Corp [Cim/Pb]
569,CIM-C,Chimera Invt Corp [Cim/Pc]
570,CIM-D,Chimera Invt Corp [Cim/Pd]
571,CIMN,Chimera Investment Corporation 9.000%
572,CIMO,Chimera Investment Corporation 9.250%
573,CINT,CI&T Inc Cl A
574,CIO,City Office REIT Inc
575,CIO-A,City Office REIT Inc [Cio/Pa]
576,CION,Cion Investment Corp
577,CIVI,Civitas Resources Inc
578,CL,Colgate-Palmolive Company
579,CLB,Core Laboratories Inc
580,CLB.U,Colombier Acquisition Corp II Wts [Clbr.U]
581,CLB.W,Colombier Acquisition Corp II [Clbr/W]
582,CLBR,Colombier Acquisition Corp II Cl A
583,CLCO,Cool Company Ltd
584,CLD-A,Chatham Lodging Trust Pfd.
585,CLDT,Chatham Lodging Trust REIT
586,CLF,Cleveland-Cliffs Inc
587,CLH,Clean Harbors
588,CLPR,Clipper Realty Inc
589,CLS,Celestica Inc
590,CLVT,Clarivate Analytics Plc
591,CLW,Clearwater Paper Corp
592,CLX,Clorox Company
593,CM,Canadian Imperial Bank of Commerce
594,CMA,Comerica Inc
595,CMBT,Cmb.Tech NV
596,CMC,Commercial Metals Company
597,CMCM,Cheetah Mobile Inc ADR
598,CMDB,Costamare Bulkers Holdings Limited
599,CMG,Chipotle Mexican Grill
600,CMI,Cummins Inc
601,CMP,Compass Minerals Intl Inc
602,CMR-B,Costamare Inc [Cmre/Pb]
603,CMR-C,Costamare Inc [Cmre/Pc]
604,CMR-D,Costamare Inc [Cmre/Pd]
605,CMRE,Costamare Inc
606,CMS,Cms Energy Corp
607,CMS-B,Consumers Energy Company [Cms/Pb]
608,CMS-C,Cms Energy Corp
609,CMSA,Cms Energy Corp 5.625% Junior Subordinate
610,CMSC,Cms Energy Corp
611,CMSD,Cms Energy Corp 5.875% Junior Subordinate
612,CMTG,Claros Mortgage Trust Inc
613,CMU,Colonial Muni Income Trust
614,CNA,CNA Financial Corp
615,CNC,Centene Corp
616,CNF,Cnfinance Holdings Ltd ADR
617,CNH,CNH Industrial N.V.
618,CNI,Canadian National Railway
619,CNK,Cinemark Holdings Inc
620,CNM,Core & Main Inc Cl A
621,CNMD,C O N M E D Corp
622,CNNE,Cannae Holdings Inc
623,CNO,Cno Financial Group
624,CNO-A,Cno Financial Group Inc 5.125%
625,CNP,Centerpoint Energy Inc
626,CNQ,Canadian Natural Resources
627,CNR,Core Natural Resources Inc
628,CNS,Cohn & Steers Inc
629,CNX,CNX Resources Corp
630,COD-A,Compass Div Holdings [Codi/Pa]
631,COD-B,Compass Div Holdings [Codi/Pb]
632,COD-C,Compass Div Holdings [Codi/Pc]
633,CODI,Compass Diversified Holdings
634,COF,Capital One Financial Corp
635,COF-I,Capital One Financial Corp [Cof/Pi]
636,COF-J,Capital One Financial Corp [Cof/Pj]
637,COF-K,Capital One Financial Corp
638,COF-L,Capital One Financial Corp
639,COF-N,Capital One Financial Corp
640,COHR,Coherent Corp
641,COLD,Americold Realty Trust
642,COMP,Compass Inc Cl A
643,CON,Concentra Group Holdings Parent Inc
644,COOK,Traeger Inc
645,COP,Conocophillips
646,COP.U,Copley Acquisition Corp [Copl.U]
647,COP.W,Copley Acquisition Corp WT [Copl.W]
648,COPL,Copley Acquisition Corp
649,COR,Cencora Inc
650,COTY,Coty Inc
651,COUR,Coursera Inc
652,CP,Canadian Pacific Kansas City Ltd
653,CPA,Copa Holdings S.A.
654,CPAC,Cementos Pacasmayo S.A.A ADR
655,CPAI,Northern Lights Counterpoint Quantitative Equity
656,CPAY,Corpay Inc
657,CPF,Central Pacific Financial Company
658,CPK,Chesapeake Utilities Corp
659,CPNG,Coupang Inc Cl A
660,CPRI,Capri Holdings Ltd
661,CPS,Cooper Std Holdings Inc
662,CPT,Camden Property Trust
663,CQP,Cheniere Energy Partners LP
664,CR,Crane Company
665,CRBD,Corebridge Financial Inc 6.375%
666,CRBG,Corebridge Financial Inc
667,CRC,California Resources Corp
668,CRCL,Circle Internet Group Inc Cl A
669,CRD.A,Crawford Company Cl A
670,CRD.B,Crawford Company Cl B
671,CRGY,Crescent Energy Company Cl A
672,CRH,CRH Plc ADR
673,CRI,Carter's Inc
674,CRK,Comstock Resources
675,CRL,Charles River Laboratories Intl
676,CRM,Salesforce Inc
677,CRS,Carpenter Technology Corp
678,CRT,Cross Timbers Royalty Trust
679,CSAN,Cosan Sa Spon ADR WI
680,CSL,Carlisle Companies Inc
681,CSR,Centerspace
682,CSTM,Constellium N.V.
683,CSV,Carriage Services
684,CSW,Csw Industrials Inc
685,CTA-A,Eidp Inc
686,CTA-B,Du Pont E.I. DE Nemours & Co. [Cta/Pb]
687,CTBB,Qwest Corp
688,CTDD,Qwest Corp 6.75% Notes Due 2057
689,CTEV,Claritev Corporation
690,CTO,Cto Realty Growth Inc
691,CTO-A,Cto Realty Growth Inc
692,CTOS,Custom Truck One Source
693,CTRA,Coterra Energy Inc
694,CTRE,Caretrust REIT Inc
695,CTRI,Centuri Holdings Inc
696,CTS,Cts Corp
697,CTVA,Corteva Inc
698,CUB-E,Customers Bancorp Inc [Cubi/Pe]
699,CUB-F,Customers Bancorp Inc [Cubi/Pf]
700,CUBB,Customers Bancorp Inc 5.375%
701,CUBE,Cubesmart
702,CUBI,Customers Bancorp
703,CUK,Carnival Plc ADR
704,CULP,Culp Inc
705,CURB,Curbline Properties Corp
706,CURV,Torrid Holdings Inc
707,CUZ,Cousins Properties Inc
708,CVE,Cenovus Energy Inc
709,CVE.W,Cenovus Energy Inc WT
710,CVEO,Civeo Corp
711,CVI,Cvr Energy Inc
712,CVLG,Covenant Logistics Group Inc
713,CVNA,Carvana Company Cl A
714,CVS,CVS Corp
715,CVX,Chevron Corp
716,CW,Curtiss-Wright Corp
717,CWAN,Clearwater Analytics Holdings Inc Cl A
718,CWE.A,Clearway Energy Inc [Cwen.A]
719,CWEN,Clearway Energy Inc Cl C
720,CWH,Camping World Holdings Inc
721,CWK,Cushman & Wakefield Plc
722,CWT,California Water Service Group Holding
723,CX,Cemex S.A.B. DE C.V. ADR
724,CXE,Colonial High Income Muni Trust
725,CXH,Colonial Investment Grade Muni Trust
726,CXM,Sprinklr Inc Cl A
727,CXT,Crane Nxt CO
728,CXW,Corecivic Inc
729,CYD,China Yuchai International
730,CYH,Community Health Systems
731,D,Dominion Energy Inc
732,DAC,Danaos Corp
733,DAL,Delta Air Lines Inc
734,DAN,Dana Inc
735,DAO,Youdao Inc ADR
736,DAR,Darling International Inc
737,DAVA,Endava Plc ADR
738,DAY,Dayforce Inc
739,DB,Deutsche Bank Ag
740,DBD,Diebold Nixdorf Incorporated
741,DBI,Designer Brands Inc
742,DBL,Doubleline Opportunistic Credit Fund
743,DBR-H,Digitalbridge Group Inc [Dbrg/Ph]
744,DBR-I,Digitalbridge Group Inc [Dbrg/Pi]
745,DBR-J,Digitalbridge Group Inc [Dbrg/Pj]
746,DBRG,Digitalbridge Group Inc
747,DCI,Donaldson Company
748,DCO,Ducommun Inc
749,DD,Dupont Denemours Inc
750,DDD,3D Systems Corp
751,DDL,Dingdong [Cayman] Ltd ADR
752,DDS,Dillard's
753,DDT,Dillard's
754,DE,Deere & Company
755,DEA,Easterly Government Properties
756,DEC,Diversified Energy Company Plc
757,DECK,Deckers Outdoor Corp
758,DEI,Douglas Emmett
759,DELL,Dell Technologies Inc
760,DEO,Diageo Plc ADR
761,DFH,Dream Finders Homes Inc Cl A
762,DFIN,Donnelly Financial Solutions Inc
763,DFP,Flaherty & Crumrine Dynamic
764,DG,Dollar General Corp
765,DGX,Quest Diagnostics Inc
766,DHF,Dreyfus High Yield Strategies Fund
767,DHI,D.R. Horton
768,DHR,Danaher Corp
769,DHT,Dht Holdings
770,DHX,Dice Holdings
771,DIAX,Nuveen Dow
772,DIN,Dineequity Inc
773,DINO,HF Sinclair Corp
774,DIS,Walt Disney Company
775,DIVY,Sound Equity Income ETF
776,DK,Delek US Holdings
777,DKL,Delek Logistics Partners LP
778,DKS,Dick's Sporting Goods Inc
779,DLB,Dolby Laboratories
780,DLN-A,Dynagas Lng Partners LP [Dlng/Pa]
781,DLN-B,Dynagas Lng Partners LP [Dlng/Pb]
782,DLNG,Dynagas Lng Partners LP
783,DLR,Digital Realty Trust
784,DLR-J,Digital Rlty TR Inc [Dlr/Pj]
785,DLR-K,Digital Rlty TR Inc [Dlr/Pk]
786,DLR-L,Digital Realty Trust Inc 5.20% Prf Perpetual USD
787,DLX,Deluxe Corp
788,DLY,Doubleline Yield Opportunities Fund
789,DMA,Destra Multi-Alternative Fund
790,DMB,Dreyfus Municipal Bond Infrastr
791,DMO,Western Asset Mortgage Defined Opp
792,DNA,Ginkgo Bioworks Hldgs Inc
793,DNB,Dun & Bradstreet Holdings Inc
794,DNOW,Dnow Inc
795,DNP,Duff & Phelps Utilities Income
796,DOC,Healthpeak Properties Inc
797,DOCN,Digitalocean Holdings Inc
798,DOCS,Doximity Inc Cl A
799,DOLE,Dole Plc
800,DOUG,Douglas Elliman Inc
801,DOV,Dover Corp
802,DOW,Dow Inc
803,DPG,Duff & Phelps Global Utility
804,DQ,Daqo New Energy ADR
805,DRD,Drdgold Ltd ADR
806,DRH,Diamondrock Hospitality Company
807,DRH-A,Diamondrock Hospitality Company 8.250% Series A
808,DRI,Darden Restaurants
809,DRLL,Ea Series Strive U.S. Energy ETF
810,DSL,Doubleline Income Solutions Fund
811,DSM,Dreyfus Strategic Muni Bond Fund
812,DSMC,ETF Series Distillate Small/Mid Cash Flow ETF
813,DSTX,Distillate Intl Stability & Value ETF
814,DSU,Blackrock Debt Strategies Fund
815,DSX,Diana Shipping Inc
816,DSX-B,Diana Shipping Inc [Dsx/Pb]
817,DSX.W,Diana Shipping Inc WT (Dsx/W)
818,DT,Dynatrace Inc
819,DTB,Dte Energy Company 2020 Series G 4.375% Junior S
820,DTE,Dte Energy Company
821,DTF,Dtf Tax-Free Income 2028 Term Fund Inc
822,DTG,Dte Energy Company 2021 Sr E
823,DTM,Dt Midstream Inc
824,DTW,Dte Energy Company 2017 Series E 5.25% Jr
825,DUK,Duke Energy Corp
826,DUK-A,Duke Energy Corp [Duk/Pa]
827,DUKB,Duke Energy Corp 5.625%
828,DV,Doubleverify Holdings Inc
829,DVA,Davita Healthcare Partners Inc
830,DVN,Devon Energy Corp
831,DX,Dynex Capital
832,DX-C,Dynex Capital Inc
833,DXC,Dxc Technology Company
834,DXYZ,Destiny Tech100 Inc
835,DY,Dycom Industries
836,E,Eni S.P.A. ADR
837,EAF,Graftech International Ltd
838,EAI,Entergy Arkansas Inc
839,EARN,Ellington Credit Company
840,EAT,Brinker International
841,EB,Eventbrite Inc
842,EBF,Ennis Inc
843,EBR,Centrais Electricas Brazil ADR
844,EBR.B,Centrais Eletricas Brasileiras ADR
845,EBS,Emergent Biosolutions
846,EC,Ecopetrol S.A. ADR
847,ECAT,Blackrock ESG Capital Allocation Trust
848,ECC,Eagle Point Credit Inc
849,ECC-D,Eagle Point Credit Company Inc
850,ECCC,Eagle Point Credit Company
851,ECCF,Eagle Point Credit Company Inc
852,ECCU,Eagle Point Credit Company Inc 7.75%
853,ECCV,Eagle Point Credit Company Inc 5.375% Notes Due
854,ECCW,Eagle Point Credit Company
855,ECCX,Eagle Point Credit Company
856,ECG,Everus Construction Group Inc
857,ECL,Ecolab Inc
858,ECO,Okeanis Eco Tankers Corp
859,ECVT,Pq Group Holdings Inc
860,ED,Consolidated Edison Company
861,EDD,Emerging Markets Domestic Debt Fund
862,EDF,Virtus Emerging Markets Income Fund
863,EDN,Empresa Distribuidora Y Comercializadora ADR
864,EDU,New Oriental Education & Technology Group ADR
865,EE,Excelerate Energy Inc Cl A
866,EEA,European Equity Fund
867,EEX,Emerald Expositions Events Inc
868,EFC,Ellington Financial Llc
869,EFC-A,Ellington Financial Inc Pfd.
870,EFC-B,Ellington Financial Inc 6.250%
871,EFC-C,Ellington Financial Inc 8.625%
872,EFC-D,Ellington Financial Inc 7.00% Series D Cumulativ
873,EFR,Eaton Vance Senior Floating-Rate Fund
874,EFT,Eaton Vance Floating Rate Income Trust
875,EFX,Equifax Inc
876,EFXT,Enerflex Ltd
877,EG,Everest Re Group
878,EGO,Eldorado Gold Corp
879,EGP,Eastgroup Properties
880,EGY,Vaalco Energy Inc
881,EHAB,Enhabit Inc
882,EHC,Encompass Health Corp
883,EHI,Western Asset Global High
884,EIC,Eagle Point Income Company
885,EICA,Eagle Point Income Inc
886,EICB,Eagle Point Income Company Inc
887,EICC,Eagle Point Income Company Inc
888,EIG,Employers Holdings Inc
889,EIIA,Eagle Point Institutional Income Fund
890,EIX,Edison International
891,EL,Estee Lauder Companies
892,ELAN,Elanco Animal Health Inc
893,ELC,Entergy Louisiana Llc
894,ELF,E.L.F. Beauty Inc
895,ELME,Elme Communities
896,ELP,Companhia Paranaense DE Energia [Copel] ADR
897,ELPC,Companhia Paranaense DE Energia [Copel] ADR
898,ELS,Equity Lifestyle Properties
899,ELV,Elevance Health Inc
900,EMA,Emera Inc
901,EMD,Western Asset Emerging Market Debt Fund Inc
902,EME,Emcor Group
903,EMF,Templeton Emerging Markets Fund
904,EMN,Eastman Chemical Company
905,EMO,Clearbridge Energy MLP Opportu
906,EMP,Entergy Mississippi Inc 4.9% Bonds
907,EMR,Emerson Electric Company
908,ENB,Enbridge Inc
909,ENFY,Enlightify Inc
910,ENIC,Enersis Chile S.A. ADR
911,ENJ,Entergy New Orleans Inc
912,ENO,Entergy New Orleans Incfirst
913,ENOV,Enovis Corp
914,ENR,Energizer Holdings Inc
915,ENS,Enersys Inc
916,ENVA,Enova International Inc
917,EOD,Wells Fargo Global Dividend Opportunity
918,EOG,Eog Resources
919,EOI,Eaton Vance Enhance Equity
920,EOS,Eaton Vance Enhanced Equity II
921,EOT,Eaton Vance Muni Income Trust
922,EP-C,El Paso Energy Capital [Ep/Pc]
923,EPAC,Actuant Corp
924,EPAM,Epam Systems Inc
925,EPC,Edgewell Personal Care
926,EPD,Enterprise Products Partners LP
927,EPR,Entertainment Properties Trust
928,EPR-C,Epr Pptys [Epr/Pc]
929,EPR-E,Epr Pptys [Epr/Pe]
930,EPR-G,Epr Pptys [Epr/Pg]
931,EPRT,Essential Properties Realty Trust Inc
932,EQBK,Equity Bncsrs Cm A
933,EQH,Axa Equitable Holdings Inc
934,EQH-A,Axa Equitable Holdings Inc 5.25% Prf Perpetual U
935,EQH-C,Equitable Holdings Inc
936,EQNR,Equinor ASA ADR
937,EQR,Equity Residential
938,EQS,Equus Total Return
939,EQT,Eqt Corp
940,EQV,Eqv Ventures Acquisition Corp Cl A
941,EQV.U,Eqv Ventures Acquisition Corp
942,EQV.W,Eqv Ventures Acquisition Corp WT
943,ERJ,Embraer-Empresa Brasileira DE Aeronautica ADR
944,ERO,Ero Copper Corp
945,ES,Eversource Energy
946,ESAB,Esab Corp
947,ESE,Esco Technologies Inc
948,ESI,Element Solutions Inc
949,ESNT,Essent Group Ltd
950,ESRT,Empire State Realty Trust Inc
951,ESS,Essex Property Trust
952,ESTC,Elastic N.V.
953,ET,Energy Transfer LP
954,ET-I,Energy Transfer L.P. Series I
955,ETB,Eaton Vance Tax-Managed Buy-Write
956,ETD,Ethan Allen Interiors Inc
957,ETG,Eaton Vance Tax-Advantaged Global Dividend
958,ETI-,
959,ETI.P,Entergy Texas Inc 5.375% Series A Preferred Stoc
960,ETJ,Eaton Vance Risk-Managed Diversified Equity
961,ETN,Eaton Corp
962,ETO,Eaton Vance Tax-Advantage Global Dividend Opp
963,ETR,Entergy Corp
964,ETV,Eaton Vance Corp
965,ETW,Eaton Vance Corp
966,ETWO,E2Open Parent Hldg
967,ETX,Eaton Vance Municipal Income T
968,ETY,Eaton Vance Tax-Managed Diversified Equity
969,EVC,Entravision Communications Corp
970,EVE.T,Eve Holding Inc WT [Evex/W]
971,EVEX,Eve Holding Inc
972,EVF,Eaton Vance Senior Income Trust
973,EVG,Eaton Vance Short Diversified
974,EVH,Evolent Health Inc Cl A Com
975,EVN,Eaton Vance Muni Income Trust
976,EVR,Evercore Partners Inc
977,EVRI,Everi Holdings Inc
978,EVT,Eaton Vance Tax Advantaged Dividend
979,EVTC,Evertec Inc
980,EVTL,Vertical Aerospace Ltd
981,EVTR,Eaton Vance Total Return Bond ETF
982,EW,Edwards Lifesciences Corp
983,EXG,Eaton Vance Tax-Managed Global Diversified Equit
984,EXK,Endeavour Silver Corp
985,EXP,Eagle Materials Inc
986,EXPD,Expeditors Intl
987,EXR,Extra Space Storage Inc
988,F,Ford Motor Company
989,F-B,Ford Motor Company Del [F/Pb]
990,F-C,Ford Motor Company 6% Notes
991,F-D,Ford Motor Company 6.500% Notes
992,FAF,First American Corp
993,FBIN,Fortune Brands Innovations Inc
994,FBK,Fb Financial Corp
995,FBP,First Bancorp
996,FBR-E,Franklin Bsp Realty Trust [Fbrt/Pe]
997,FBRT,Franklin Bsp Realty Trust Inc
998,FC,Franklin Covey Company
999,FCF,First Commonwealth Financial Corp
1000,FCN,Fti Consulting
1001,FCPT,Four Corners Property Trust IN
1002,FCRX,First Eagle Alternative Capital Bdc
1003,FCT,Senior Floating Rate II
1004,FCX,Freeport-Mcmoran Inc
1005,FDP,Fresh Del Monte Produce
1006,FDS,Factset Research Systems Inc
1007,FDX,Fedex Corp
1008,FE,Firstenergy Corp
1009,FEDU,Four Seasons Education Cayman Inc ADR
1010,FEGE,First Eagle Global Equity ETF
1011,FENG,Phoenix New Media Ltd ADR
1012,FEOE,First Eagle Overseas Equity ETF
1013,FERG,Ferguson Enterprises Inc
1014,FET,Forum Energy Technologies Inc
1015,FF,Futurefuel Corp
1016,FFA,FT Enhanced Equity Income Fund
1017,FFC,Flaherty Crumrine/Claymore Preferred Securities
1018,FFWM,First Foundation
1019,FG,F&G Annuities & Life Inc
1020,FGB,Specialty Finance and Financial Fund
1021,FGN,F&G Annuities & Life Inc 7.950%
1022,FGSN,F&G Annuities & Life Inc 7.300%
1023,FHI,Federated Investors
1024,FHN,First Horizon Corp
1025,FHN-B,First Horizon National Corp [Fhn/Pb]
1026,FHN-C,First Horizon National Corp [Fhn/Pc]
1027,FHN-E,First Horizon National Corp [Fhn/Pe]
1028,FHN-F,First Horizon Corp
1029,FI,Fiserv Inc
1030,FICO,Fair Isaac and Company
1031,FIGS,Figs Inc Cl A
1032,FIHL,Fidelis Insurance Holdings Limited
1033,FINS,Angel Oak Financial Strategies Income Term Trust
1034,FINV,Finvolution Group ADR
1035,FIS,Fidelity National Information Services
1036,FIX,Comfort Systems USA
1037,FIXT,Tcw Core Plus Bond ETF
1038,FL,Footlocker Inc
1039,FLC,Flaherty & Crumrine/Claymore Total Return
1040,FLG,Flagstar Financial Inc
1041,FLG-A,Flagstar Financial Inc Pfd A
1042,FLG-U,Flagstar Financial Inc Pfd U
1043,FLNG,Flex Lng Ltd
1044,FLO,Flowers Foods
1045,FLOC,Flowco Holdings Inc Cl A
1046,FLR,Fluor Corp
1047,FLS,Flowserve Corp
1048,FLUT,Flutter Entertainment Plc
1049,FLXR,Tcw Flexible Income ETF
1050,FMC,FMC Corp
1051,FMN,Federated Premier Muni
1052,FMS,Fresenius Medical Care Ag ADR
1053,FMX,Fomento Economico Mexicano S.A.B. DE C.V. ADR
1054,FMY,First Trust/Fidac Mortgage Income Fund
1055,FN,Fabrinet
1056,FNB,F.N.B. Corp
1057,FND,Floor & Decor Holdings Inc
1058,FNF,Fidelity National Financial
1059,FNV,Franco Nev Corp
1060,FOA,Finance of America Companies Inc Cl A
1061,FOF,Cohen & Steers Closed-End Opportunity Fund
1062,FOR,Forestar Group Inc
1063,FOU-A,Shift4 Payments Inc
1064,FOUR,Shift4 Payments Inc
1065,FPF,FT Intermediate Durat
1066,FPH,Five Point Holdings Llc Cl A
1067,FPI,Farmland Partners Inc
1068,FR,First Industrial Realty Trust
1069,FRA,Blackrock Floating Rate Income Fund
1070,FRGE,Forge Global Hldgs Inc
1071,FRO,Frontline Plc
1072,FRT,Federal Realty Investment Trust
1073,FRT-C,Federal Realty Invt TR [Frt/Pc]
1074,FSCO,FS Credit Opportunities Corp
1075,FSK,FS KKR Capital Corp
1076,FSLY,Fastly Inc
1077,FSM,Fortuna Mines
1078,FSS,Federal Signal Corp
1079,FT,Franklin Universal Trust
1080,FTHY,FT High Yield Opportunities 2027 Term F
1081,FTI,Technipfmc Plc
1082,FTK,Flotek Industries
1083,FTS,Fortis Inc
1084,FTV,Fortive Corp
1085,FTV-,
1086,FTV.P,Fortive Corp [Ftv/I]
1087,FTWO,Strive Faang 2.0 ETF
1088,FUBO,Fubo TV
1089,FUL,H. B. Fuller Company
1090,FUN,Cedar Fair LP
1091,FVR,Frontview REIT Inc
1092,FVRR,Fiverr International Ltd
1093,FXED,Sound Enhanced Fixed Income ETF
1094,G,Genpact Ltd
1095,GAB,Gabelli Equity Trust
1096,GAB-G,Gabelli Equity Trust Inc [Gab/Pg]
1097,GAB-H,Gabelli Equity Trust Inc [Gab/Ph]
1098,GAB-K,Gabelli Equity Trust Inc 5% Prf Perpetual USD 25
1099,GAM,General American Investors
1100,GAM-B,General Amern Invs Inc [Gam/Pb]
1101,GAP,Gap Inc
1102,GATX,GATX Corp
1103,GB,Global Blue Group Holding Ag
1104,GB.W,Global Blue Group Holding Ag WT
1105,GBAB,Guggenheim Taxable Muni Bond Inv Grd Debt Trst
1106,GBCI,Glacier Bancorp Inc
1107,GBLI,Global Indemnity Plc
1108,GBTG,Global Business Travel Group Inc
1109,GBX,Greenbrier Companies
1110,GCI,Gannett Inc
1111,GCO,Genesco Inc
1112,GCT.W,Gct Semiconductor Holding Inc WT [Gcts/W]
1113,GCTS,Gct Semiconductor Holding Inc
1114,GCV,Gabelli Convertible and Income Securities
1115,GD,General Dynamics Corp
1116,GDDY,Godaddy Inc
1117,GDIV,Harbor Dividend Growth Leaders ETF
1118,GDL,The Gdl Fund
1119,GDO,Western Asset Global Corporate Opportunity Fund
1120,GDOT,Green Dot Corp
1121,GDV,Gabelli Dividend
1122,GDV-H,Gabelli Dividend & Income Trust [Gdv/Ph]
1123,GDV-K,Gabelli Dividend & Income Trust
1124,GE,GE Aerospace
1125,GEF,Greif Bros Corp
1126,GEF.B,Greif Bros Corp Cl B
1127,GEL,Genesis Energy LP
1128,GENI,Genius Sports Ltd
1129,GEO,Geo Group Inc
1130,GES,Guess Inc
1131,GETY,Getty Images Holdings Inc Cl A
1132,GEV,GE Vernova Inc
1133,GF,New Germany Fund
1134,GFF,Griffon Corp
1135,GFI,Gold Fields Ltd ADR
1136,GFL,Gfl Environmental Inc
1137,GFR,Greenfire Resources Ltd
1138,GGB,Gerdau S.A. ADR
1139,GGG,Graco Inc
1140,GGT,Gabelli Global Multi-Media Trust
1141,GGT-E,Gabelli Multimedia Trust Inc [Ggt/Pe]
1142,GGT-G,Gabelli Multimedia Trust Inc 5.125% Prf Perpetua
1143,GGZ,Gabelli Global Small and Mid CA
1144,GHC,Graham Holdings Company
1145,GHG,Greentree Hospitality Group Ltd ADR
1146,GHI,Greystone Housing Impact Investors LP
1147,GHLD,Guild Holdings Company Cl A
1148,GHM,Graham Corp
1149,GHY,PGIM Global High Yield Fund
1150,GIB,CGI Group
1151,GIC,Global Industrial Co.
1152,GIL,Gildan Activewear
1153,GIS,General Mills
1154,GJH,Strats Sm Trust For United States Cellular Corp
1155,GJO,Strats Sm Trust For Wal-Mart Stores Inc Securiti
1156,GJP,Strats Sm Trust For Dominion Resources Inc Secur
1157,GJR,Strats Sm Trust For The Procter & Gamble Co. Sec
1158,GJS,Strats Sm Trust For Goldman Sachs Group Securiti
1159,GJT,Strats Sm Trust For Allstate Corp Securities Ser
1160,GKOS,Glaukos Corp
1161,GL,Globe Life Inc
1162,GL-D,Globe Life Inc 4.25% Junior Debt
1163,GLO-A,Gaslog Partners LP [Glop/Pa]
1164,GLO-B,Gaslog Partners LP [Glop/Pb]
1165,GLO-C,Gaslog Partners LP [Glop/Pc]
1166,GLOB,Globant S.A.
1167,GLP,Global Partners LP
1168,GLP-B,Global Partners L.P.
1169,GLW,Corning Inc
1170,GM,General Motors Company
1171,GME,Gamestop Corp
1172,GMED,Globus Medical Inc
1173,GMR-A,Global Med REIT Inc [Gmre/Pa]
1174,GMRE,Global Medical REIT Inc
1175,GMS,Gms Inc
1176,GNE,Genie Energy Ltd Cl B
1177,GNK,Genco Shipping & Trading Ltd
1178,GNL,Global Net Lease Inc
1179,GNL-A,Global Net Lease Inc [Gnl/Pa]
1180,GNL-B,Global Net Lease Inc 6.875% Prf Perpetual USD 25
1181,GNL-D,Global Net Lease Inc 7.50% Sr D
1182,GNL-E,Global Net Lease Inc 7.375% Sr E
1183,GNRC,Generac Holdings Inc
1184,GNT,Gabelli Natural Resources Gold
1185,GNT-A,Gamco Nat Res Gold & Income TR [Gnt/Pa]
1186,GNTY,Guaranty Bancshares Inc
1187,GNW,Genworth Financial Inc
1188,GOF,Claymore/Guggenheim Strategic Fund
1189,GOLF,Acushnet Holdings Corp
1190,GOOS,Canada Goose Holdings Inc
1191,GOTU,Gaotu Techedu Inc ADR
1192,GPC,Genuine Parts Company
1193,GPI,Group 1 Automotive
1194,GPJA,Georgia Power Company Series 2017A 5.00% Jr
1195,GPK,Graphic Packaging Holding Company
1196,GPM-A,Granite Point Mortgage Trust 7.00% Sr A
1197,GPMT,Granite Point Mortgage Trust Inc
1198,GPN,Global Payments Inc
1199,GPOR,Gulfport Energy Corp
1200,GPRK,Geopark Hlds Lmtd
1201,GRB-A,Green Brick Partners Inc [Grbk.A]
1202,GRBK,Green Brick Partners
1203,GRC,Gorman-Rupp Company
1204,GRDN,Guardian Pharmacy Services Inc Cl A
1205,GRMN,Garmin Ltd
1206,GRND,Grindr Inc
1207,GRNT,Granite Ridge Resources Inc
1208,GROV,Grove Collaborative Hldgs Inc
1209,GRP.U,Granite Real Estate Inc
1210,GRW,Tcw Compounders ETF
1211,GRX,The Gabelli Healthcare & Wellness Trust
1212,GS,Goldman Sachs Group
1213,GS-A,Goldman Sachs Group Inc [Gs/Pa]
1214,GS-C,Goldman Sachs Group Inc [Gs/Pc]
1215,GS-D,Goldman Sachs Group Inc [Gs/Pd]
1216,GSBD,Goldman Sachs Bdc Inc
1217,GSK,Gsk Plc ADR
1218,GSL,Global Ship Lease Inc
1219,GSL-B,Global Ship Lease Inc [Gsl/Pb]
1220,GTES,Gates Industrial Corp Plc
1221,GTL-B,Chart Industries Inc [Gtls.B]
1222,GTLS,Chart Industries IN
1223,GTN,Gray Media Inc
1224,GTN.A,Gray Television Inc Cl A
1225,GTY,Getty Realty Corp
1226,GUG,Guggenheim Active Allocation Fund
1227,GUT,Gabelli Utility Trust
1228,GUT-C,Gabelli Utility Trust [Gut/Pc]
1229,GVA,Granite Construction Incorporated
1230,GWH,Ess Tech Inc
1231,GWH.W,Ess Tech Inc WT
1232,GWRE,Guidewire Software Inc
1233,GWW,W.W. Grainger
1234,GXO,Gxo Logistics Inc
1235,GYLD,Arrow DJ Global Yield ETF
1236,H,Hyatt Hotels Corp
1237,HAE,Haemonetics Corp
1238,HAFN,Hafnia Ltd
1239,HAL,Halliburton Company
1240,HASI,Ha Sustainable Infrastructure Capital Inc
1241,HAYW,Hayward Holdings Inc
1242,HBB,Hamilton Beach Brands Holding Cl A
1243,HBI,Hanesbrands Inc
1244,HBM,Hudbay Minerals Inc
1245,HCA,Hca Holdings Inc
1246,HCC,Warrior Met Coal Inc
1247,HCI,Homeowners Choice
1248,HCXY,Hercules Capital Inc 6.25% Notes Due 2033
1249,HD,Home Depot
1250,HDB,Hdfc Bank Ltd ADR
1251,HE,Hawaiian Electric Industries
1252,HEI,Heico Corp
1253,HEI.A,Heico Corp Cl A
1254,HEQ,John Hancock Diversified Income Fund
1255,HES,Hess Corp
1256,HESM,Hess Midstream Partners LP
1257,HF,Dga Absolute Return ETF
1258,HFR-A,Highland Income Fund [Hfro/Pa]
1259,HFR-B,Highland Opportunities&Income Fund 5.375% [Hfrop
1260,HFRO,Highland Opportunities and Income Fund
1261,HG,Hamilton Insurance Group Ltd Cl B
1262,HGER,Harbor All-Weather Inflation Focus ETF
1263,HGLB,Highland Global Allocation Fund
1264,HGTY,Hagerty Inc
1265,HGV,Hilton Grand Vacations Inc
1266,HHH,Howard Hughes Holdings Inc
1267,HI,Hillenbrand Inc
1268,HIG,The Hartford Insurance Group Inc
1269,HIG-G,Hartford Financial Services Grp Inc [Hig/Pg]
1270,HII,Huntington Ingalls Industries
1271,HIMS,Hims & Hers Health Inc
1272,HIO,Western Asset High
1273,HIPO,Hippo Holdings Inc
1274,HIW,Highwoods Properties
1275,HIX,Western Asset High Income Fund II Inc
1276,HKD,Amtd Digital Inc ADR
1277,HL,Hecla Mining Company
1278,HL-B,Hecla Mining Company [Hl/Pb]
1279,HLF,Herbalife Ltd
1280,HLI,Houlihan Lokey
1281,HLIO,Helios Technologies Inc
1282,HLL.W,Holley Inc [Hlly/W]
1283,HLLY,Holley Inc
1284,HLN,Haleon Plc
1285,HLT,Hilton Inc
1286,HLX,Helix Energy Solutions Group
1287,HMC,Honda Motor Company ADR
1288,HMN,Horace Mann Educators Corp
1289,HMY,Harmony Gold Mining ADR
1290,HNGE,Hinge Health Inc Cl A
1291,HNI,Hon Industries Inc
1292,HOG,Harley-Davidson Inc
1293,HOMB,Home Bancshares Inc
1294,HOUS,Anywhere Real Estate Inc
1295,HOV,Hovnanian Enterprises Inc
1296,HP,Helmerich & Payne
1297,HPE,Hewlett Packard Enterprise Comp
1298,HPE-C,Hewlett Packard Enterprise Company Pfd
1299,HPF,John Hancock Pfd II
1300,HPI,John Hancock Preferred
1301,HPP,Hudson Pacific Properties
1302,HPP-C,Hudson Pacific Properties Inc
1303,HPQ,HP Inc
1304,HPS,John Hancock Preferred Income Fund III
1305,HQH,Abrdn Healthcare Investors Fund
1306,HQL,Abrdn Life Sciences Investors Fund
1307,HR,Healthcare Realty Trust Inc.
1308,HRB,H&R Block
1309,HRI,Herc Holdings Inc
1310,HRL,Hormel Foods Corp
1311,HRTG,Heritage Insurance Holdings
1312,HSBC,HSBC Holdings Plc ADR
1313,HSHP,Himalaya Shipping Ltd
1314,HSY,Hershey Foods Corp
1315,HTB,Hometrust Bancshares Inc
1316,HTD,John Hancock Tax Advantaged Dividend
1317,HTFB,Horizon Technology Finance Corp
1318,HTFC,Horizon Technology Finance Corp 6.25%
1319,HTGC,Hercules Technology Growth Capital
1320,HTH,Hilltop Holdings Inc
1321,HUBB,Hubbell Inc B
1322,HUBS,Hubspot Inc
1323,HUM,Humana Inc
1324,HUN,Huntsman Corp
1325,HUYA,Huya Inc ADR
1326,HVT,Haverty Furniture Companies
1327,HVT.A,Haverty Furn Cl A SC
1328,HWM,Howmet Aerospace Inc
1329,HXL,Hexcel Corp
1330,HY,Hyster-Yale Inc
1331,HYA.U,Haymaker Acquisition IV [Hyac.U]
1332,HYA.W,Haymaker Acquisition WT [Hyac/W]
1333,HYAC,Haymaker Acquisition Corp. 4 Cl A
1334,HYBX,Engine No. 1 ETF Trust Tcw High Yield Bond ETF
1335,HYI,Western Asset High Yield Defined
1336,HYT,Blackrock High Yield Fund VI Inc
1337,HYTR,Cp High Yield Trend ETF
1338,HZO,Marinemax Inc
1339,IAE,VOYA Asia Pacific High Dividend Equity
1340,IAG,Iamgold Corp
1341,IBM,Intl Business Machines
1342,IBN,Icici Bank Ltd ADR
1343,IBP,Installed Building Products
1344,IBTA,Ibotta Inc Cl A
1345,ICE,Intercontinental Exchange
1346,ICL,Israel Chemicals Ltd
1347,ICR-A,Inpoint Coml Real Estate Income Inc
1348,IDA,Idacorp Inc
1349,IDE,VOYA Infrastructure Industrial
1350,IDT,IDT Corp
1351,IEX,Idex Corp
1352,IFF,International Flavors & Fragrances
1353,IFN,India Fund
1354,IFS,Intercorp Financial Services Inc
1355,IGA,VOYA Global Advantage and Premium
1356,IGCB,Engine No. 1 ETF Trust Tcw Corporate Bond ETF
1357,IGD,VOYA Global Equity Dividend and Premium
1358,IGI,Western Asset Investment Grade Opportunity Trust
1359,IGR,CBRE Global Real Estate Income Fund
1360,IGT,International Game Technology
1361,IH,Ihuman Inc ADR
1362,IHD,VOYA Emerging Markets High Dividend
1363,IHG,Intercontinental Hotels Group ADR
1364,IHS,IHS Holding Ltd
1365,IIF,Morgan Stanley India Investment Fund Inc
1366,IIIN,Insteel Industries
1367,IIM,Invesco Insured Muni Income Trust
1368,IIP-A,Innovative Indl Pptys Inc [Iipr/Pa]
1369,IIPR,Innovative Industrial Properties
1370,IMAX,Imax Corp
1371,INFA,Informatica Inc Cl A
1372,INFY,Infosys Ltd ADR
1373,ING,ING Groep N.V. ADR
1374,INGM,Ingram Micro Holding Corp
1375,INGR,Ingredion Inc
1376,INN,Summit Hotel Properties
1377,INN-E,Summit Hotel Pptys Inc [Inn/Pe]
1378,INN-F,Summit Hotel Properties Inc
1379,INR,Infinity Natural Resources Inc Cl A
1380,INSP,Inspire Medical Systems Inc
1381,INSW,International Seaways Inc
1382,INVH,Invitation Homes Inc
1383,INVX,Innovex International Inc
1384,ION.W,Ionq Inc WT [Ionq/W]
1385,IONQ,Ionq Inc
1386,IOT,Samsara Inc Cl A
1387,IP,International Paper Company
1388,IPB,Merrill Lynch & Company
1389,IPG,Interpublic Group of Companies
1390,IPI,Intrepid Potash Inc
1391,IQI,Invesco Quality Muni Income Trust
1392,IQV,Iqvia Holdings Inc
1393,IR,Ingersoll Rand Inc
1394,IRM,Iron Mountain Inc
1395,IRS,Irsa Inversiones Y Representaciones S.A. ADR
1396,IRS.W,Irsa Inversiones Y Representaciones S.A. WT
1397,IRT,Independence Realty Trust Inc
1398,ISD,PGIM High Yield Bond Fund Inc.
1399,IT,Gartner Inc
1400,ITGR,Integer Holdings Corp
1401,ITT,ITT Inc
1402,ITUB,Itau Unibanco Banco Holding S.A. ADR
1403,ITW,Illinois Tool Works Inc
1404,IVR,Invesco Mortgage Capital Inc
1405,IVR-C,Invesco Mortgage Capital Inc [Ivr/Pc]
1406,IVT,Inventrust Pptys Corp
1407,IVZ,Invesco Plc
1408,IX,Orix Corp ADR
1409,J,Jacobs Engineering Group Inc
1410,JAC-,
1411,JAC.P,Jackson Acquisition Company II [Jacs R]
1412,JAC.U,Jackson Acquisition Company II [Jacs.U]
1413,JACS,Jackson Acquisition Company II Cl A
1414,JBGS,Jbg Smith Properties
1415,JBI,Janus International Group Inc
1416,JBK,Lehman Abs Corp
1417,JBL,Jabil Circuit
1418,JBND,JPM Active Bond ETF
1419,JBS,Jbs N.V. Cl A
1420,JBTM,Jbt Marel Corporation
1421,JCE,Nuveen Core Equity Alpha Fund
1422,JCI,Johnson Controls Intl
1423,JEF,Jefferies Financial Group Inc
1424,JELD,Jeld-Wen Holding Inc
1425,JEN.U,Jena Acquisition Corp II [Jena.U]
1426,JEQ,Japan Equity Fund
1427,JFR,Nuveen Floating Rate
1428,JGH,Nuveen Global High Income Fund
1429,JHG,Janus Henderson Group Plc
1430,JHI,John Hancock Investors Trust
1431,JHS,John Hancock Income Securities Trust
1432,JHX,James Hardie Industries Se ADR
1433,JILL,J. Jill Inc
1434,JKS,Jinkosolar Holding Company ADR
1435,JLL,Jones Lang Lasalle Inc
1436,JLS,Nuveen Mortgage Opportunity Term Fund
1437,JMIA,Jumia Technologies Ag ADR
1438,JMM,Nuveen Multi-Market Income Fund Inc
1439,JNJ,Johnson & Johnson
1440,JNPR,Juniper Networks
1441,JOB.W,Joby Aviation Inc WT
1442,JOBY,Joby Aviation Inc
1443,JOE,St. Joe Company
1444,JOF,Japan Smaller Capitalization Fund Inc
1445,JPC,Nuveen Preferred and Convertible
1446,JPI,Nuveen Preferred Sec & Income Opp Fund
1447,JPM,JP Morgan Chase & Company
1448,JPM-C,Jpmorgan Chase & Co. [Jpm/Pc]
1449,JPM-D,Jpmorgan Chase & Co. [Jpm/Pd]
1450,JPM-J,Jpmorgan Chase & Co. [Jpm/Pj]
1451,JPM-K,Jpmorgan Chase & Co. [Jpm/Pl]
1452,JPM-L,Jpmorgan Chase & Co. [Jpm/Pl]
1453,JPM-M,Jpmorgan Chase & Co. [Jpm/Pm]
1454,JQC,Nuveen Preferred and Convertible 2
1455,JRI,Nuveen Real Asset Income and Gr
1456,JRS,Nuveen Real Estate Fund
1457,JXN,Jackson Financial Inc Cl A
1458,JXN-A,Jackson Financial Inc Pfd A
1459,K,Kellanova
1460,KAI,Kadant Inc
1461,KAR,Openlane Inc
1462,KB,KB Financial Group Inc ADR
1463,KBDC,Kayne Anderson Bdc Inc
1464,KBH,KB Home
1465,KBR,KBR Inc
1466,KD,Kyndryl Hldgs Inc
1467,KEN,Kenon Holdings Ltd
1468,KEP,Korea Electric Power Corp ADR
1469,KEX,Kirby Corp
1470,KEY,Keycorp
1471,KEY-I,Keycorp [Key/Pi]
1472,KEY-J,Keycorp [Key/Pj]
1473,KEY-K,Keycorp [Key/Pk]
1474,KEY-L,Keycorp
1475,KEYS,Keysight Technologies Inc
1476,KF,Korea Fund
1477,KFRC,Kforce Inc
1478,KFS,Kingsway Financial Services
1479,KFY,Korn/Ferry International
1480,KGC,Kinross Gold Corp
1481,KGS,Kodiak Gas Services Inc
1482,KIM,Kimco Realty Corp
1483,KIM-L,Kimco Realty Corp [Kim/Pl]
1484,KIM-M,Kimco Realty Corp [Kim/Pm]
1485,KIM-N,Kimco Realty Corporation ADR
1486,KIND,Nextdoor Holdings Inc.
1487,KIO,KKR Income Opportunities Fund
1488,KKR,KKR & Company LP
1489,KKR-D,KKR & Co. Inc
1490,KKRS,KKR Group Finance Ix Llc
1491,KKRT,KKR & Co. Inc 6.875% Subordinated Notes Due 2065
1492,KLC,Kindercare Learning Companies Inc
1493,KLG,Wk Kellogg CO
1494,KMB,Kimberly-Clark Corp
1495,KMI,Kinder Morgan
1496,KMPB,Kemper Corp 5.875%
1497,KMPR,Kemper Corp
1498,KMT,Kennametal Inc
1499,KMX,Carmax Inc
1500,KN,Knowles Corp
1501,KNF,Knife River Holding CO
1502,KNOP,Knot Offshore Partners LP
1503,KNSL,Kinsale Capital Group Inc
1504,KNTK,Kinetik Holdings Inc
1505,KNX,Knight-Swift Transporation Inc
1506,KO,Coca-Cola Company
1507,KODK,Eastman Kodak
1508,KOF,Coca Cola Femsa S.A.B. DE C.V. ADR
1509,KOP,Koppers Holdings Inc
1510,KORE,Kore Group Holdings Inc
1511,KOS,Kosmos Energy Ltd
1512,KR,Kroger Company
1513,KRC,Kilroy Realty Corp
1514,KRE-A,KKR Real Estate Finance Trust Inc [Kref/Pa]
1515,KREF,KKR Real Estate Finance Trust Inc
1516,KRG,Kite Realty Group Trust
1517,KRMN,Karman Holdings Inc
1518,KRO,Kronos Worldwide Inc
1519,KRP,Kimbell Royalty Partners
1520,KSS,Kohl's Corp
1521,KT,Korea Telecom Corp ADR
1522,KTB,Kontoor Brands Inc
1523,KTF,Scudder Municiple Income Trust
1524,KTH,Lehman Abs Corp
1525,KTN,Lehman Abs Corp
1526,KUKE,Kuke Music Holding Ltd ADR
1527,KVUE,Kenvue Inc
1528,KVYO,Klaviyo Inc Series A
1529,KW,Kennedy-Wilson Holdings Inc
1530,KWR,Quaker Chemical Corp
1531,KYN,Kayne Anderson MLP Investment Company
1532,L,Loews Corp
1533,LAC,Lithium Americas Corp
1534,LAD,Lithia Motors
1535,LADR,Ladder Capital Corp
1536,LAN.W,Lanvin Group Holdings Ltd WT [Lanv/W]
1537,LANV,Lanvin Group Holdings Limited
1538,LAR,Lithium Argentina Ag
1539,LAW,CS Disco Inc
1540,LAZ,Lazard Inc
1541,LB,Landbridge Company Llc Cl A
1542,LBRT,Liberty Energy Inc
1543,LC,Lendingclub Corp
1544,LCII,Lci Industries
1545,LDI,Loandepot Inc Cl A
1546,LDOS,Leidos Holdings Inc
1547,LDP,Cohen & Steers Ltd Duration Prfd Income Fund
1548,LEA,Lear Corp
1549,LEG,Leggett & Platt Inc
1550,LEN,Lennar Corp
1551,LEN.B,Lennar Corp Cl B
1552,LEO,Dreyfus Strategic Municipals
1553,LEVI,Levi Strauss & Company Cl A
1554,LFT,Lument Finance Trust Inc
1555,LFT-A,Lument Finance Trust Inc
1556,LGI,Lazard Global Total Return and
1557,LH,Laboratory Corp of America Holdings
1558,LHX,L3Harris Technologies Inc
1559,LII,Lennox International
1560,LION,Lionsgate Studios Corp
1561,LITB,Lightinthebox Holding Ltd ADR
1562,LLY,Eli Lilly and Company
1563,LMND,Lemonade Inc
1564,LMT,Lockheed Martin Corp
1565,LNC,Lincoln National Corp
1566,LNC-D,Lincoln National Corp
1567,LND,Brasilagro ADR
1568,LNG,Cheniere Energy
1569,LNN,Lindsay Corp
1570,LOAR,Loar Holdings Inc
1571,LOB,Live Oak Bancsh
1572,LOCL,Local Bounti Corp
1573,LOMA,Loma Negra Comp Indu Argentina Sociedad ADR
1574,LOW,Lowe's Companies
1575,LPG,Dorian Lpg Ltd
1576,LPL,Lg Display Company Ltd ADR
1577,LPX,Louisiana-Pacific Corp
1578,LRN,Stride Inc
1579,LSPD,Lightspeed Commerce Inc
1580,LTC,Ltc Properties
1581,LTH,Life Time Group Holdings Inc
1582,LTM,Latam Airlines Group S.A. ADR
1583,LU,Lufax Holding Ltd ADR
1584,LUCK,Lucky Strike Entertainment Corp
1585,LUMN,Lumen Technologies Inc
1586,LUV,Southwest Airlines Company
1587,LUXE,Luxexperience B.V. ADR
1588,LVS,Las Vegas Sands
1589,LVW.W,Livewire Group Inc WT [Lvwr/W]
1590,LVWR,Livewire Group Inc
1591,LW,Lamb Weston Holdings Inc
1592,LXFR,Luxfer Holdings Plc
1593,LXP,Lxp Industrial Trust
1594,LXP-C,Lexington Realty Trust [Lxp/Pc]
1595,LXU,Lsb Industries Inc
1596,LYB,Lyondellbasell Industries NV
1597,LYG,Lloyds Banking Group Plc ADR
1598,LYV,Live Nation Entertainment
1599,LZB,La-Z-Boy Inc
1600,LZM,Lifezone Metals Limited
1601,LZM.W,Lifezone Metals Limited WT
1602,M,Macy's Inc
1603,MA,Mastercard Inc
1604,MAA,Mid-America Apartment Communities
1605,MAA-I,Mid Amer Apt Cmntys Inc [Maa/Pi]
1606,MAC,Macerich Company
1607,MAGN,Magnera Corporation
1608,MAIN,Main Street Capital Corp
1609,MAN,Manpower Inc
1610,MANU,Manchester United Ltd
1611,MAS,Masco Corp
1612,MATV,Mativ Holdings Inc
1613,MATX,Matson Inc
1614,MAV,Pioneer Municipal High Income Advantage Fund
1615,MAX,Mediaalpha Inc Cl A
1616,MBC,Masterbrand Inc
1617,MBI,MBIA Inc
1618,MC,Moelis
1619,MCB,Metropolitan Bank Holding Corp
1620,MCD,McDonald's Corp
1621,MCI,Barings Corporate Investors
1622,MCK,Mckesson Corp
1623,MCN,Xai Madison Equity Premium Income Fund
1624,MCO,Moody's Corp
1625,MCR,MFS Charter Income Trust
1626,MCS,Marcus Corp
1627,MCY,Mercury General Corp
1628,MD,Pediatrix Medical Group Inc
1629,MDST,Westwood Enhanced Midstream Income ETF
1630,MDT,Medtronic Inc
1631,MDU,Mdu Res Group Inc
1632,MDV,Modiv Inc Cl C
1633,MDV-A,Modiv Industrial Inc
1634,MEC,Mayville Engineering Company
1635,MED,Medifast Inc
1636,MEG,Montrose Environmental Group Inc
1637,MEGI,Nyli CBRE Global Infrastructure Megatrends Term
1638,MEI,Methode Electronics
1639,MER-K,Bank of America Corp [Mer/Pk]
1640,MET,Metlife Inc
1641,MET-A,Metlife Inc [Met/Pa]
1642,MET-E,Metlife Inc [Met/Pe]
1643,MET-F,Metlife Inc [Met/Pf]
1644,MFA,MFA Financial Inc
1645,MFA-B,MFA Financial Inc [Mfa/Pb]
1646,MFA-C,MFA Financial Inc [Mfa/Pc]
1647,MFAN,MFA Financial Inc 8.875% Senior Notes Due 2029
1648,MFAO,MFA Financial Inc 9.0%
1649,MFC,Manulife Financial Corp
1650,MFG,Mizuho Financial Group ADR
1651,MFM,MFS Muni Income Trust
1652,MFSB,MFS Active Core Plus Bond ETF
1653,MFSG,MFS Active Growth ETF
1654,MFSI,MFS Active International ETF
1655,MFSM,MFS Active Intermediate Muni Bond ETF
1656,MFSV,MFS Active Value ETF
1657,MG,Mistras Group Inc
1658,MGA,Magna International
1659,MGF,MFS Government Markets Income Trust
1660,MGM,MGM Resorts International
1661,MGR,Affiliated Managers Group Inc
1662,MGRB,Affiliated Managers Group Inc 4.750% Junior Sub
1663,MGRD,Affiliated Managers Group Inc 4.200%
1664,MGRE,Affiliated Managers Group Inc 6.750%
1665,MGY,Magnolia Oil & Gas Corp
1666,MHD,Blackrock Muniholdings Fund
1667,MHF,Western Asset Muni High
1668,MHI,Pioneer Muni High Income Trust
1669,MHK,Mohawk Industries
1670,MHLA,Maiden Holdings Ltd 6.625% No
1671,MHN,Blackrock Muniholdings New York Quality Fund
1672,MHNC,Maiden Holdings North America
1673,MHO,M/I Homes
1674,MIN,MFS Intermediate Income Trust
1675,MIO,Pioneer Municipal High Income Opportunities Fund
1676,MIR,Mirion Technologies Inc
1677,MIT-A,Ag Mtg Invt TR Inc [Mitt/Pa]
1678,MIT-B,Ag Mtg Invt TR Inc [Mitt/Pb]
1679,MIT-C,Ag Mtg Invt TR Inc [Mitt/Pc]
1680,MITN,Ag Mortgage Investment Trust 9.500%
1681,MITP,Ag Mortgage Investment Trust 9.500%
1682,MITT,Ag Mortgage Investment Trust
1683,MIY,Blackrock Muniyield Michigan Quality Fund
1684,MKC,Mccormick & Company
1685,MKC.V,Mccormick & Company Inc
1686,MKL,Markel Corp
1687,MLI,Mueller Industries
1688,MLM,Martin Marietta Materials
1689,MLNK,Meridianlink Inc
1690,MLP,Maui Land & Pineapple Company
1691,MLR,Miller Industries
1692,MMC,Marsh & Mclennan Companies
1693,MMD,Nyli Mackay Definedterm Municipal Opportunities
1694,MMI,Marcus & Millichap
1695,MMKT,Texas Capital Government Money Market ETF
1696,MMM,3M Company
1697,MMS,Maximus Inc
1698,MMT,MFS Multimarket Income Trust
1699,MMU,Western Asset Managed Municipals Fund
1700,MNR,Mach Natural Resources LP
1701,MNSO,Miniso Group Holding Ltd ADR
1702,MNTN,Mntn Inc Cl A
1703,MO,Altria Group
1704,MOD,Modine Manufacturing Company
1705,MODG,Topgolf Callaway Brands Corp
1706,MOG.A,Moog Inc Cl A
1707,MOG.B,Moog Inc Cl B
1708,MOGU,Mogu Inc ADR
1709,MOH,Molina Healthcare Inc
1710,MOS,Mosaic Company
1711,MOV,Movado Group Inc
1712,MP,MP Materials Corp
1713,MPA,Blackrock Muniyield Pennsylvania Quality Fund
1714,MPC,Marathon Petroleum Corp
1715,MPLX,Mplx LP
1716,MPV,Barings Participation Investors
1717,MPW,Medical Properties Trust
1718,MPX,Marine Products Corp
1719,MQT,Blackrock Muniyield Quality Fund II
1720,MQY,Blackrock Muniyield Quality Fund
1721,MRC,Mrc Global Inc
1722,MRK,Merck & Company
1723,MRP,Millrose Properties Inc
1724,MS,Morgan Stanley
1725,MS-A,Morgan Stanley [Ms/Pa]
1726,MS-E,Morgan Stanley [Ms/Pe]
1727,MS-F,Morgan Stanley [Ms/Pf]
1728,MS-I,Morgan Stanley [Ms/Pi]
1729,MS-K,Morgan Stanley [Ms/Pk]
1730,MS-L,Morgan Stanley 4.875% Prf Perpetual USD 25 1/100
1731,MS-O,Morgan Stanley
1732,MS-P,Morgan Stanley
1733,MS-Q,Morgan Stanley
1734,MSA,Msa Safety Inc
1735,MSB,Mesabi Trust
1736,MSC,Studio City Intl Holdings Ltd ADR
1737,MSCI,MSCI Inc
1738,MSD,Morgan Stanley Emerging Markets Debt
1739,MSDL,Morgan Stanley Direct Lending Fund
1740,MSGE,Madison Square Garden Entmt Corp
1741,MSGS,Madison Square Garden Sports Corp
1742,MSI,Motorola Solutions
1743,MSIF,Msc Income Fund Inc
1744,MSM,Msc Industrial Direct Company
1745,MT,Arcelormittal ADR
1746,MTAL,Mac Copper Limited
1747,MTB,M&T Bank Corp
1748,MTB-H,M&T Bank Corp Perpetual Rate
1749,MTB-J,M & T Bank Corp
1750,MTD,Mettler-Toledo International
1751,MTDR,Matador Resources Company
1752,MTG,Mgic Investment Corp
1753,MTH,Meritage Corp
1754,MTN,Vail Resorts
1755,MTR,Mesa Royalty Trust
1756,MTRN,Materion Corp
1757,MTUS,Metallus Inc
1758,MTW,Manitowoc Company
1759,MTX,Minerals Technologies Inc
1760,MTZ,Mastec Inc
1761,MUA,Blackrock Muniassets Fund
1762,MUC,Blackrock Muniholdings California Quality Fund
1763,MUE,Blackrock Muniholdings Quality Fund II
1764,MUFG,Mitsubishi Ufj Financial Group ADR
1765,MUJ,Blackrock Muniholdings New Jersey Insured Fund
1766,MUR,Murphy Oil Corp
1767,MUSA,Murphy USA Inc
1768,MUSE,Engine No. 1 ETF Trust Tcw Multisector Credit IN
1769,MUX,Mcewen Mining Inc
1770,MVF,Munivest Fund
1771,MVO,Mv Oil Trust
1772,MVT,Blackrock Munivest Fund II
1773,MWA,Mueller Water Products
1774,MX,Magnachip Semiconductor Corp
1775,MXE,Mexico Equity and
1776,MXF,Mexico Fund
1777,MYD,Blackrock Muniyield Fund
1778,MYE,Myers Industries
1779,MYI,Blackrock Muniyield Quality Fund III
1780,MYN,Blackrock Muniyield New York Quality Fund
1781,NABL,N-Able Inc
1782,NAC,Nuveen California Divadv Fund
1783,NAD,Nuveen Divadv Fund
1784,NAN,Nuveen New York Divadv Fund
1785,NAT,Nordic American Tanker Shipping Ltd
1786,NATL,NCR Atleos Corporation
1787,NAZ,Nuveen Arizona Premium Fund
1788,NBB,Nuveen Build America Bond Fund
1789,NBHC,National Bank Holdings Corp
1790,NBR,Nabors Industries
1791,NBXG,Neuberger Next Gen Connectivity Fund Inc
1792,NC,Nacco Industries
1793,NCA,Nuveen California Muni Value Fund
1794,NCDL,Nuveen Churchill Direct Lending Corp
1795,NCLH,Norwegian Cruise Ord
1796,NCV,Virtus Convertible & Income Fund
1797,NCV-A,Virtus Convertible & Income Fund 5.625% [Ncv/Pa]
1798,NCZ,Virtus Convertible & Income Fund II
1799,NCZ-A,Virtus Convertible & Income Fund II 5.50% [Ncz/P
1800,NDMO,Nuveen Dynamic Municipal Opportunities Fund Comm
1801,NE,Noble Corp Plc
1802,NE.A,Noble Corporation WT 2 [Ne/Wa]
1803,NE.W,Noble Corporation WT 1 [Ne/W]
1804,NEA,Nuveen Insured Tax-Free Advantage Fund
1805,NEE,Nextera Energy
1806,NEE-N,Nextera Energy Capital Hlds Inc [Nee/Pn]
1807,NEE-R,Nextera Energy Inc
1808,NEE-S,Nextera Energy Inc
1809,NEE-T,Nextera Energy Inc
1810,NEE-U,Nextera Energy Inc Sr U
1811,NEM,Newmont Mining Corp
1812,NET,Cloudflare Inc Cl A
1813,NEU,Newmarket Corp
1814,NEUE,Neuehealth Inc
1815,NEXA,Nexa Resources S.A.
1816,NFG,National Fuel Gas Company
1817,NFJ,Virtus Dividend Interest & Premium Strategy Fund
1818,NGG,National Grid Transco Plc ADR
1819,NGL,Ngl Energy Partners LP
1820,NGL-B,Ngl Energy Partners LP [Ngl/Pb]
1821,NGL-C,Ngl Energy Partners LP [Ngl/Pc]
1822,NGS,Natural Gas Services Group
1823,NGVC,Natural Grocers By Vitamin Cottage Inc
1824,NGVT,Ingevity Corp
1825,NHI,National Health Investors
1826,NI,NiSource Inc
1827,NIC,Nicolet Bankshares Inc
1828,NIE,Virtus Equity & Convertible Income Fund
1829,NIM,Nuveen Maturities Fund
1830,NINE,Nine Energy Service Inc
1831,NIO,Nio Inc ADR
1832,NJR,Newjersey Resources Corp
1833,NKE,Nike Inc
1834,NKX,Nuveen Insured California Tax-Free
1835,NL,NL Industries
1836,NLOP,Net Lease Office Properties
1837,NLY,Annaly Capital Management Inc
1838,NLY-F,Annaly Cap Mgmt Inc [Nly/Pf]
1839,NLY-G,Annaly Cap Mgmt Inc [Nly/Pg]
1840,NLY-I,Annaly Cap Mgmt Inc [Nly/Pi]
1841,NMAI,Nuveen Multi-Asset Income Fund
1842,NMAX,Newsmax Inc Cl B
1843,NMCO,Nuveen Municipal Credit Opportunities Fund
1844,NMG,Nouveau Monde Graphite Inc
1845,NMI,Nuveen Muni
1846,NMM,Navios Maritime Partners LP
1847,NMR,Nomura Holdings Inc ADR
1848,NMS,Nuveen Minnesota Municipal Inco
1849,NMT,Nuveen Massachusetts Premium Fund
1850,NMZ,Nuveen Muni High Income Opportunity
1851,NNI,Nelnet Inc
1852,NNN,NNN REIT Inc
1853,NNY,Nuveen New York Muni Value Fund
1854,NOA,North American Construction Group Ltd
1855,NOAH,Noah Holdings Ltd ADR
1856,NOC,Northrop Grumman Corp
1857,NOG,Northern Oil and Gas
1858,NOK,Nokia Corp ADR
1859,NOM,Nuveen Missouri Premium Fund
1860,NOMD,Nomad Foods Ltd
1861,NOT.W,Fiscalnote Hldgs Inc WT [Note.W]
1862,NOTE,Fiscalnote Hldgs Inc
1863,NOV,Nov Inc
1864,NOVA,Sunnova Energy International
1865,NOW,Servicenow Inc
1866,NPB,Northpointe Bancshares Inc
1867,NPCT,Nuveen Core Plus Impact Fund
1868,NPFD,Nuveen Variable Rate Preferred & Income Fund
1869,NPK,National Presto Industries
1870,NPKI,Npk International Inc
1871,NPO,Enpro Inc
1872,NPV,Nuveen Virginia Premium Fund
1873,NPW.W,Net Power Inc. WT [Npwr/W]
1874,NPWR,Net Power Inc.
1875,NQP,Nuveen Pennsylvania Investment
1876,NRDY,Nerdy Inc
1877,NRE-A,Nexpoint Real Estate Finance [Nref/Pa]
1878,NREF,Nexpoint Real Estate Finance Inc
1879,NRG,NRG Energy
1880,NRGV,Energy Vault Hldgs Inc
1881,NRK,Nuveen Insured New York Tax-Free
1882,NRP,Natural Resource Partners LP
1883,NRT,North European Oil Royality Trust
1884,NRUC,National Rural Utilities Coop Finance Corp 5.500
1885,NSA,National Storage Affiliates Tru
1886,NSA-A,National Storage Affiliates TR [Nsa/Pa]
1887,NSA-B,National Storage Affiliates Trust 6.000% Sr B
1888,NSC,Norfolk Southern Corp
1889,NSP,Insperity Inc
1890,NTB,Bank of Butterfield Ltd
1891,NTEST.I,
1892,NTR,Nutrien Ltd
1893,NTST,Netstreit Corp
1894,NTZ,Natuzzi S.P.A. ADR
1895,NU,Nu Holdings Ltd Cl A
1896,NUE,Nucor Corp
1897,NUS,Nu Skin Enterprises
1898,NUV,Nuveen Muni Value Fund
1899,NUV.W,Nuvation Bio Inc WT [Nuvb/W]
1900,NUVB,Nuvation Bio Inc
1901,NUW,Nuveen Muni Value Fund
1902,NVG,Nuveen Insured Divadv Fund
1903,NVGS,Navigator Holdings
1904,NVO,Novo Nordisk A/S ADR
1905,NVR,NVR Inc
1906,NVRI,Enviri Corporation
1907,NVS,Novartis Ag ADR
1908,NVST,Envista Holdings Corp
1909,NVT,Nvent Electric Plc
1910,NWG,Natwest Group Plc ADR
1911,NWN,Northwest Natural Gas Company
1912,NX,Quanex Building Products Corp
1913,NXC,Nuveen California Tax-Free Income
1914,NXD-A,Nexpoint Diversified Re Trust Pfd
1915,NXDT,Nexpoint Diversified Real Estate Trust
1916,NXE,Nexgen Energy Ltd
1917,NXG,Nxg Nextgen Infrastructure Income Fund
1918,NXJ,Nuveen New Jersey Divadv Fund
1919,NXN,Nuveen Insured New York Tax-Free
1920,NXP,Nuveen Tax Free Income Portfolio
1921,NXRT,Nexpoint Residential Trust Inc
1922,NYC,American Strategic Investment CO
1923,NYT,New York Times Company
1924,NZF,Nuveen Divadv Fund 3
1925,O,Realty Income Corp
1926,OAK-A,Oaktree Cap Group Llc [Oak/Pa]
1927,OAK-B,Brookfield Oaktree Holdings Llc [Oak/Pb]
1928,OBDC,Blue Owl Capital Corp
1929,OBK,Origin Bancorp Inc
1930,OC,Owens Corning Inc
1931,OCFT,Oneconnect Financial Technology Ltd America
1932,ODC,Oil-Dri Corp of America
1933,ODV,Osisko Dev Corp
1934,OEC,Orion S.A.
1935,OFG,OFG Bancorp
1936,OGE,Oge Energy Corp
1937,OGN,Organon & Co.
1938,OGS,One Gas Inc
1939,OHI,Omega Healthcare Investors
1940,OI,O-I Glass Inc
1941,OIA,Invesco Muni Income Trust
1942,OII,Oceaneering International
1943,OIS,Oil States International
1944,OKE,Oneok Inc
1945,OKLO,Oklo Inc
1946,OLN,Olin Corp
1947,OLO,Olo Inc Cl A
1948,OLP,One Liberty Properties
1949,OMC,Omnicom Group Inc
1950,OMF,Onemain Holdings Inc
1951,OMI,Owens & Minor
1952,ONIT,Onity Group Inc
1953,ONL,Orion Properties Inc
1954,ONON,On Holding Ag Cl A
1955,ONTF,On24 Inc
1956,ONTO,Onto Innovation Inc
1957,OOMA,Ooma Inc
1958,OPAD,Offerpad Solutions Inc
1959,OPF.W,Oppfi Inc [Opfi/W]
1960,OPFI,Oppfi Inc
1961,OPP,Doubleline Strategic Opportunity Fund
1962,OPP-A,Rivernorth/Doubleline Strategic Opportunity Fund
1963,OPP-B,Rivernorth/Doubleline Strategic Opportunity Fund
1964,OPY,Oppenheimer Holdings
1965,OR,Osisko Gold Royalties Ltd
1966,ORA,Ormat Technologies
1967,ORC,Orchid Island Capital Inc
1968,ORCL,Oracle Corp
1969,ORI,Old Republic International Corp
1970,ORN,Orion Group Holdings Inc
1971,OSCR,Oscar Health Inc Cl A
1972,OSK,Oshkosh Truck Corp
1973,OTF,Blue Owl Technology Finance Corp
1974,OTIS,Otis Worldwide Corp
1975,OUT,Outfront Media Inc
1976,OVV,Ovintiv Inc
1977,OWL,Blue Owl Capital Inc
1978,OWLT,Owlet Inc
1979,OXM,Oxford Industries
1980,OXY,Occidental Petroleum Corp
1981,OXY.W,Occidental Petroleum Corp WT [Oxy/W/I]
1982,PAAS,Pan Amer Silver Corp
1983,PAC,Grupo Aeroportuario Del Pacifico ADR
1984,PACK,Ranpak Holdings Corp
1985,PACS,Pacs Group Inc
1986,PAG,Penske Automotive Group
1987,PAGS,Pagseguro Digital Ltd Cl A
1988,PAI,Pacific American Income Shares
1989,PAM,Pampa Energia S.A. ADR
1990,PAR,Par Technology Corp
1991,PARR,Par Pacific Holdings Inc
1992,PATH,Uipath Inc Cl A
1993,PAXS,Pimco Access Income Fund
1994,PAY,Paymentus Holdings Inc Cl A
1995,PAYC,Paycom Software Inc
1996,PB,Prosperity Bancshares
1997,PBA,Pembina Pipeline Cor
1998,PBF,PBF Energy Inc
1999,PBH,Prestige Brand Holdings
2000,PBI,Pitney Bowes Inc
2001,PBI-B,Pitney Bowes Inc [Pbi/Pb]
2002,PBR,Petroleo Brasileiro S.A. Petrobras ADR
2003,PBR.A,Petroleo Brasileiro S.A. Petrobras ADR
2004,PBT,Permian Basin Royalty Trust
2005,PCF,Putnam High Income Bond Fund
2006,PCG,Pacific Gas & Electric Company
2007,PCG-X,PG&E Corp
2008,PCK,Pimco California Muni II
2009,PCM,Pimco Commercial Mortgage Securities
2010,PCN,Pimco Corporate
2011,PCOR,Procore Technologies Inc
2012,PCQ,Pimco California Muni
2013,PD,Pagerduty Inc
2014,PDCC,Pearl Diver Credit Company Inc
2015,PDI,Pimco Dynamic Income Fund
2016,PDM,Piedmont Office Realty Trust
2017,PDO,Pimco Dynamic Income Opportunities Fund
2018,PDPA,Pearl Diver Credit Company Inc
2019,PDS,Precision Drilling Corp
2020,PDT,John Hancock Premium Dividend Fund
2021,PDX,Pimco Dynamic Income Strategy Fund
2022,PEB,Pebblebrook Hotel Trust
2023,PEB-E,Pebblebrook Hotel TR [Peb/Pe]
2024,PEB-F,Pebblebrook Hotel TR [Peb/Pf]
2025,PEB-G,Pebblebrook Hotel Trust
2026,PEB-H,Pebblebrook Hotel Trust
2027,PEG,Public Service Enterprise Group Inc
2028,PEN,Penumbra Inc
2029,PEO,Adams Natural Resources Fund Inc
2030,PER.W,Perfect Corp WT [Perf.Ws]
2031,PERF,Perfect Corp Cl A
2032,PFD,Flaherty & Crumrine Preferred Inc
2033,PFE,Pfizer Inc
2034,PFGC,Performance Food Group Company
2035,PFH,Prudential Financial Inc 4.125% Junior
2036,PFL,Pimco Income Strategy Fund
2037,PFLT,Pennantpark Fltng Rt
2038,PFN,Pimco Income Strategy Fund II
2039,PFO,Flaherty & Crumrine Preferred Fund
2040,PFS,Provident Financial Services
2041,PFSI,Pennymac Financial Services IN
2042,PG,Procter & Gamble Company
2043,PGP,Pimco Global Stocksplus & Income
2044,PGR,Progressive Corp
2045,PGRE,Paramount Group Inc
2046,PGZ,Principal Real Estate Income F
2047,PH,Parker-Hannifin Corp
2048,PHD,Pioneer Floating Rate Fund
2049,PHG,Koninklijke Philips Electronics ADR
2050,PHI,Philippine Long Distance Telephone ADR
2051,PHIN,Borgwarner Inc
2052,PHK,Pimco High Income Fund
2053,PHM,Pultegroup
2054,PHR,Phreesia Inc
2055,PHT,Pioneer High Income Fund
2056,PHX,Phx Minerals Inc
2057,PII,Polaris Inc
2058,PIM,Putnam Master Intermediate Income
2059,PINE,Alpine Income Property Trust Inc
2060,PINS,Pinterest Inc
2061,PIPR,Piper Jaffray Companies
2062,PJT,Pjt Partners Inc Cl A
2063,PK,Park Hotels & Resorts Inc
2064,PKE,Park Electrochemical Corp
2065,PKG,Packaging Corp of America
2066,PKST,Peakstone Realty Trust
2067,PKX,Posco Holdings Inc ADR
2068,PL,Planet Labs Pbc
2069,PL.W,Planet Labs Pbc WT
2070,PLD,Prologis Inc
2071,PLNT,Planet Fitness
2072,PLOW,Douglas Dynamics
2073,PLYM,Plymouth Industrial REIT Inc
2074,PM,Philip Morris International Inc
2075,PMF,Pimco Muni
2076,PML,Pimco Muni II
2077,PMM,Putnam Managed Muni Income Trust
2078,PMO,Putnam Muni Opportunities Trust
2079,PMT,Pennymac Mortgage Investment Trust
2080,PMT-A,Pennymac Mtg Invt TR [Pmt/Pa]
2081,PMT-B,Pennymac Mtg Invt TR [Pmt/Pb]
2082,PMT-C,Penny Mac Mortgage Investment Trust
2083,PMTU,Pennymac Mortgage Investment Trust 8.50%
2084,PMTV,Pennymac Mortgage Investment Trust 9.00%
2085,PMTW,Pennymac Mortgage Investment Trust 9.00%
2086,PMX,Pimco Muni Income Fund III
2087,PNC,PNC Bank
2088,PNF,Pimco New York Muni
2089,PNI,Pimco New York Muni II
2090,PNNT,Pennantpark Investme
2091,PNR,Pentair Ltd
2092,PNW,Pinnacle West Capital Corp
2093,POR,Portland General Electric Company
2094,POST,Post Holdings Inc
2095,PPG,PPG Industries
2096,PPL,PPL Corp
2097,PPT,Putnam Premier Income Trust
2098,PR,Permian Resources Corp
2099,PRA,Pro-Assurance Corp
2100,PRCS,Parnassus Income Funds Parnassus Core Select ETF
2101,PRG,Prog Hldgs Inc
2102,PRGO,Perrigo Company
2103,PRH,Prudential Financial 5.950% Notes
2104,PRI,Primerica Inc
2105,PRI-D,Priority Income Fund Inc [Prif/Pd]
2106,PRI-F,Priority Income Fund Inc [Prif/Pf]
2107,PRI-I,Priority Income Fd
2108,PRI-J,Priority Income Fund Inc
2109,PRI-K,Priority Income Fund Inc
2110,PRI-L,Priority Income Fund Inc [Prif.Pl]
2111,PRIM,Primoris Services Corp
2112,PRKS,United Parks & Resorts Inc
2113,PRLB,Proto Labs Inc
2114,PRM,Perimeter Solutions Inc
2115,PRMB,Primo Water Corp
2116,PRO,Pros Holdings
2117,PRS,Prudential Financial Inc 5.625% Junior
2118,PRSU,Pursuit Attractions and Hospitality Inc
2119,PRT,Permrock Royalty Trust Trust Units
2120,PRU,Prudential Financial Inc
2121,PRVS,Parnassus Income Funds Parnassus Value Select Et
2122,PSA,Public Storage
2123,PSA-F,Public Storage [Psa/Pf]
2124,PSA-G,Public Storage [Psa/Pg]
2125,PSA-H,Public Storage [Psa/Ph]
2126,PSA-I,Public Storage [Psa/Pi]
2127,PSA-J,Public Storage [Psa/Pj]
2128,PSA-K,Public Storage [Psa/Pk]
2129,PSA-L,Public Storage [Psa/Pl]
2130,PSA-M,Public Storage
2131,PSA-N,Public Storage
2132,PSA-O,Public Storage [Psa/Po]
2133,PSA-P,Public Storage
2134,PSA-Q,Public Storage
2135,PSA-R,Public Storage
2136,PSA-S,Public Storage
2137,PSBD,Palmer Square Capital Bdc Inc
2138,PSE-A,Prospect Capital Corp
2139,PSF,Cohen & Steers Preferred Fund
2140,PSF.W,Paysafe Ltd WT [Psfe/W]
2141,PSFE,Paysafe Ltd
2142,PSN,Parsons Corp
2143,PSO,Pearson Plc ADR
2144,PSQ.W,Psq Holdings Inc WT [Psqh.W]
2145,PSQH,Psq Holdings Inc
2146,PSTG,Pure Storage Inc
2147,PSTL,Postal Realty Trust Cl A
2148,PSX,Phillips 66
2149,PTA,Cohen & Steers Tax-Advantaged Preferred Securiti
2150,PTY,Pimco Corporate Opportunity Fund
2151,PUK,Prudential Public Ltd Company ADR
2152,PUMP,Propetro Holding Corp
2153,PVH,Phillips-Van Heusen Corp
2154,PVL,Permianville Royalty Trust
2155,PWR,Quanta Services
2156,PWRD,Tcw Transform Systems ETF
2157,PX,P10 Inc Cl A
2158,PYN,Pimco New York Muni Income Fund III
2159,PYT,Pplus Trust
2160,PZC,Pimco California Muni Income Fund III
2161,QBT.W,Dwave Quantum Inc WT [Qbts/W]
2162,QBTS,D-Wave Quantum Inc
2163,QD,Qudian Inc ADR
2164,QGEN,Qiagen N.V.
2165,QS,Quantumscape Corp
2166,QSR,Restaurant Brands International
2167,QTWO,Q2 Holdings Inc
2168,QUAD,Quad Graphics Inc
2169,QVCC,Qvc Inc 6.250% Senior Secured Notes Due 2068
2170,QVCD,Qvc Inc 6.375% Senior Secured Notes Due 2067
2171,QXO,Qxo Inc
2172,QXO-B,Qxo Inc
2173,R,Ryder System
2174,RA,Brookfield Real Assets Income Fund Inc
2175,RAC,Rithm Acquisition Corp Cl A
2176,RAC.U,Rithm Acquisition Corp. Units
2177,RAC.W,
2178,RACE,Ferrari N.V.
2179,RAL-,
2180,RAMP,Liveramp Holdings Inc
2181,RBA,Rb Global Inc
2182,RBC,RBC Bearings Inc
2183,RBLX,Roblox Corp Cl A
2184,RBO.W,Vicarious Surgical Inc WT [Rbot.W]
2185,RBOT,Vicarious Surgical Inc
2186,RBRK,Rubrik Inc Cl A
2187,RC,Ready Capital Corp
2188,RC-C,Ready Capital Corp 6.25% Series C
2189,RC-E,Ready Capital Corp
2190,RCB,Ready Capital Corp 6.20% Senior Notes Due
2191,RCC,Ready Capital Corp 5.75%
2192,RCD,Ready Capital Corporation 9.00%
2193,RCI,Rogers Communication
2194,RCL,Royal Caribbean Cruises Ltd
2195,RCS,Rcm Strategic Global Government Fund
2196,RCUS,Arcus Biosciences Inc
2197,RDDT,Reddit Inc Cl A
2198,RDN,Radian Group Inc
2199,RDW,Redwire Corp
2200,RDY,Dr. Reddy's Laboratories Ltd ADR
2201,RELX,Relx Plc ADR
2202,RERE,Aihuishou International Ltd ADR
2203,RES,RPC Inc
2204,REVG,Rev Group Inc
2205,REX,Rex American Resources Corp
2206,REX-B,Rexford Indl Rlty Inc [Rexr/Pb]
2207,REX-C,Rexford Indl Rlty Inc [Rexr/Pc]
2208,REXR,Rexford Industrial Realty Inc
2209,REZI,Resideo Technologies Inc
2210,RF,Regions Financial Corp
2211,RF-C,Regions Financial Corp [Rf/Pc]
2212,RF-E,Regions Financial Corp
2213,RF-F,Regions Financial Corp
2214,RFI,Cohen & Steers Total Return Realty Fund
2215,RFL,Rafael Holdings Inc
2216,RFL.W,Rafael Holdings Inc WT
2217,RFM,Rivernorth Flexible Municipal Income Fund Inc
2218,RFMZ,Rivernorth Flexible Municipal Income Fund II Inc
2219,RGA,Reinsurance Group of America Inc
2220,RGR,Sturm Ruger & Company
2221,RGT,Royce Global Trust Inc
2222,RH,Rh Common Stock
2223,RHI,Robert Half Inc
2224,RHP,Ryman Hospitality Properties REIT
2225,RIG,Transocean Inc
2226,RIO,Rio Tinto Plc ADR
2227,RIT-A,Rithm Capital Corp [Ritm/Pa]
2228,RIT-B,Rithm Capital Corp [Ritm/Pb]
2229,RIT-C,Rithm Capital Corp [Ritm/Pc]
2230,RIT-D,Rithm Capital Corp [Ritm/Pd]
2231,RITM,Rithm Capital Corp
2232,RIV,Rivernorth Opportunities Fund
2233,RIV-A,Rivernorth Opportunities Fund Inc
2234,RJF,Raymond James Financial
2235,RJF-B,Raymond James Financial 6.375%
2236,RKT,Rocket Companies Inc Cl A
2237,RL,Ralph Lauren Corp
2238,RLI,Rli Corp
2239,RLJ,Rlj Lodging Trust
2240,RLJ-A,Rlj Lodging TR [Rlj/Pa]
2241,RLTY,Cohen Real Estate Opt and Income Fund
2242,RLX,Rlx Technology Inc ADR
2243,RM,Regional Managment Corp
2244,RMAX,Re/Max Holdings Inc
2245,RMD,Resmed Inc
2246,RMI,Rivernorth Opportunistic Municipal Income Fund
2247,RMM,Rivernorth Managed Duration Municipal Income Fun
2248,RMMZ,Rivernorth Managed Duration Municipal Income Fun
2249,RMT,Royce Micro-Cap Trust
2250,RNG,Ringcentral Inc
2251,RNGR,Ranger Energy Services Inc Cl A
2252,RNP,Cohen & Steers REIT and Preferred
2253,RNR,Renaissancere Holdings Ltd
2254,RNR-F,Renaissancere Holdings Ltd [Rnr/Pf]
2255,RNR-G,Renaissancere Holdings Ltd
2256,RNST,Renasant Corp
2257,ROG,Rogers Corp
2258,ROK,Rockwell Automation Inc
2259,ROL,Rollins Inc
2260,RPM,RPM International Inc
2261,RPT,Rithm Property Trust Inc
2262,RPT-C,Rithm Property Trust Inc
2263,RQI,Cohen & Steers Quality Income Realty Fund Inc
2264,RRC,Range Resources Corp
2265,RRX,Regal Rexnord Corp
2266,RS,Reliance Inc
2267,RSF,Rivernorth Marketplace Lending Corp
2268,RSF-,
2269,RSF.P,Rivernorth Capital and Incm Fd [Rsfrw]
2270,RSG,Republic Services
2271,RSI,Rush Street Interactive Inc
2272,RSKD,Riskified Ltd Cl A
2273,RTO,Rentokil Initial Plc ADR
2274,RTX,Rtx Corp
2275,RVLV,Revolve Group Inc
2276,RVT,Royce Small-Cap Trust Inc
2277,RVTY,Revvity Inc
2278,RWT,Redwood Trust
2279,RWT-A,Redwood Trust Inc Pfd A
2280,RWTN,Redwood Trust Inc 9.125%
2281,RWTO,Redwood Trust Inc 9.00%
2282,RWTP,Redwood Trust Inc 9.125%
2283,RXO,Rxo Inc
2284,RY,Royal Bank of Canada
2285,RYAM,Rayonier Advanced Materials Inc
2286,RYAN,Ryan Specialty Hldgs Inc
2287,RYI,Ryerson Holding Corp
2288,RYN,Rayonier Inc REIT
2289,RZB,Reinsurance Group of America
2290,RZC,Reinsurance Group of America Inc 7.125
2291,S,Sentinelone Inc Cl A
2292,SA,Seabridge Gold
2293,SABA,Saba Capital Income & Opportunities Fund II
2294,SAFE,Safehold Inc
2295,SAH,Sonic Automotive
2296,SAJ,Saratoga Investment Corp 8.00% Notes Due 2027
2297,SAM,Boston Beer Company
2298,SAN,Banco Santander ADR
2299,SAND,Sandstorm Gold Ltd
2300,SAP,SAP Ag ADR
2301,SAR,Saratoga Investment Corp
2302,SARO,Standardaero Inc
2303,SAT,Saratoga Investment Corp 6.00%
2304,SAY,Saratoga Investment Corp 8.125% Notes Due 2027
2305,SAZ,Saratoga Investment Corp 8.50% Notes Due 2028
2306,SB,Safe Bulkers Inc
2307,SB-C,Safe Bulkers Inc [Sb/Pc]
2308,SB-D,Safe Bulkers Inc [Sb/Pd]
2309,SBH,Sally Beauty Holdings
2310,SBI,Western Asset Intermediate Fund Inc
2311,SBR,Sabine Royalty Trust
2312,SBS,Cia DE Saneamento Basico Do Estado ADR
2313,SBSI,Southside Bancshares
2314,SBSW,Sibanye Gold Ltd ADR
2315,SBX.V,Silverbox Corp IV [Sbxd.U]
2316,SBX.Y,Silverbox Corp IV WT [Sbxd/W]
2317,SBXD,Silverbox Corp IV Cl A
2318,SCCO,Southern Copper Corp
2319,SCD,Lmp Capital and Income Fund Inc
2320,SCD-,
2321,SCD.P,Lmp Capital & Income Fund Inc [Scdrw]
2322,SCE-G,Sce Trust II [Sce/Pg]
2323,SCE-J,Sce TR IV [Sce/Pj]
2324,SCE-K,Sce Trust V [Sce/Pk]
2325,SCE-L,Sce Trust VI [Sce/Pl]
2326,SCE-M,Sce Trust Vii
2327,SCE-N,Sce Trust ViII Pfd N
2328,SCH-D,Charles Schwab Corp [Schw/Pd]
2329,SCH-J,Charles Schwab Corp [Schw/Pj]
2330,SCHW,The Charles Schwab Corp
2331,SCI,Service Corp International
2332,SCL,Stepan Company
2333,SCM,Stellus Capital Investment Cor
2334,SCS,Steelcase Inc
2335,SD,Sandridge Energy Inc
2336,SDHC,Smith Douglas Homes Corp Cl A
2337,SDHY,PGIM Short Duration High Yield Opp Fund
2338,SDRL,Seadrill 2021 Ltd
2339,SE,Sea Ltd ADR
2340,SEA-A,Teekay Lng Partners LP [Seal.Pa]
2341,SEA-B,Teekay Lng Partners LP [Seal.Pb]
2342,SEE,Sealed Air Corp
2343,SEI,Solaris Energy Infrastructure Inc
2344,SEM,Select Medical Holdings Corp
2345,SEMR,Semrush Holdings Inc Cl A
2346,SES,Ses Ai Corp
2347,SES.W,Ses Ai Corp WT
2348,SF,Stifel Financial Corp
2349,SF-B,Stifel Financial Corp [Sf/Pb]
2350,SF-C,Stifel Financial Corp [Sf/Pc]
2351,SF-D,Stifel Financial Corp
2352,SFB,Stifel Financial Corp 5.20% Senior Notes
2353,SFBS,Servisfirst Bancs
2354,SFL,Ship Finance International
2355,SG,Sweetgreen Inc Cl A
2356,SGHC,Super Group [Sghc] Ltd
2357,SGI,Somnigroup International Inc
2358,SGU,Star Gas Partners LP
2359,SHAK,Shake Shack Inc
2360,SHCO,Soho House & Co. Inc
2361,SHEL,Shell Plc ADR
2362,SHG,Shinhan Financial Group Ltd ADR
2363,SHO,Sunstone Hotel Investors
2364,SHO-H,Sunstone Hotel Investors Inc
2365,SHO-I,Sunstone Hotel Investors Inc
2366,SHOC,Ea Series Strive U.S. Semiconductor ETF
2367,SHW,Sherwin-Williams Company
2368,SID,Companhia Siderurgica Nacional ADR
2369,SIG,Signet Jewelers Ltd
2370,SII,Sprott Inc
2371,SILA,Sila Realty Trust Inc
2372,SITC,Site Centers Corp
2373,SITE,Siteone Landscape Supply
2374,SJM,J.M. Smucker Company
2375,SJT,San Juan Basin Royalty Trust
2376,SKE,Skeena Resources Ltd
2377,SKIL,Skillsoft Corp
2378,SKLZ,Skillz Inc
2379,SKM,Sk Telecom Corp ADR
2380,SKT,Tanger Inc
2381,SKX,Skechers U.S.A.
2382,SKY,Champion Homes Inc
2383,SKY.W,Sky Harbour Group Corp WT [Skyh.W]
2384,SKYH,Sky Harbour Group Corp
2385,SLB,Schlumberger N.V.
2386,SLF,Sun Life Financial Inc
2387,SLG,SL Green Realty Corp
2388,SLG-I,SL Green Rlty Corp [Slg/Pi]
2389,SLGN,Silgan Holdings
2390,SLNZ,Engine No. 1 ETF Trust Tcw Senior Loan ETF
2391,SLQT,Selectquote Inc
2392,SLVM,Sylvamo Corp
2393,SM,Sm Energy Company
2394,SMA,Smartstop Self Storage REIT Inc
2395,SMBK,Smartfinancial Inc
2396,SMC,Summit Midstream Corporation
2397,SMFG,Sumitomo Mitsui Financial Group ADR
2398,SMG,Scotts Miracle-Gro Company
2399,SMHI,Seacor Marine Holdings Inc
2400,SMP,Standard Motor Products
2401,SMR,Nuscale Power Corp
2402,SMRT,Smartrent Inc
2403,SMWB,Similarweb Ltd
2404,SN,Sharkninja Inc
2405,SNA,Snap-On Inc
2406,SNAP,Snap Inc
2407,SNDA,Sonida Senior Living Inc
2408,SNDR,Schneider National Inc
2409,SNN,Smith & Nephew Snats ADR
2410,SNOW,Snowflake Inc Cl A
2411,SNV,Synovus Financial Corp
2412,SNV-D,Synovus Financial Corp [Snv/Pd]
2413,SNV-E,Synovus Finl Corp [Snv/Pe]
2414,SNX,Synnex Corp
2415,SO,Southern Company
2416,SOBO,South Bow Corp
2417,SOC,Sable Offshore Corp
2418,SOJC,Southern Company Series 2017B 5.25% Junior
2419,SOJD,Southern Company Series 2020A 4.95% Junior
2420,SOJE,Southern Company Series 2020C 4.20%
2421,SOJF,Southern Company Series 2025A 6.50%
2422,SOL,Emeren Group Ltd ADR
2423,SOLV,Solventum Corporation
2424,SON,Sonoco Products
2425,SONY,Sony Group Corp ADR
2426,SOR,Source Capital
2427,SOS,Sos Ltd ADR
2428,SOU-,
2429,SOU.P,Soulpower Acquisition Corp Ord [Soulr]
2430,SOU.U,Soulpower Acquisition Corp Units [Soul.U]
2431,SOUL,Soulpower Acquisition Corporation Cl A
2432,SPB,Spectrum Brands Holdings Inc
2433,SPCE,Virgin Galactic Holdings Inc
2434,SPE,Special Opportunities Fund Inc
2435,SPE-C,Special Opportunities Fund Inc 2.75%
2436,SPG,Simon Property Group
2437,SPG-J,Simon Ppty Group Inc [Spg/Pj]
2438,SPGI,S&P Global Inc
2439,SPH,Suburban Propane Partners LP
2440,SPHR,Sphere Entertainment CO
2441,SPIR,Spire Global Inc
2442,SPMA,Sound Point Meridian Capital Inc
2443,SPMC,Sound Point Meridian Capital Inc
2444,SPN-B,Siriuspoint Ltd
2445,SPNT,Siriuspoint Ltd
2446,SPOT,Spotify Technology S.A.
2447,SPR,Spirit Aerosystems Holdings
2448,SPRU,Spruce Power Holding Corp
2449,SPXC,SPX Corp
2450,SPXX,Nuveen S&P 500 Dynamic Overwrite Fund
2451,SQM,Sociedad Quimica Y Minera S.A. ADR
2452,SQNS,Sequans Communications S A ADR
2453,SR,Spire Inc
2454,SR-A,Spire Inc [Sr/Pa]
2455,SRE,Sempra
2456,SREA,Sempra Energy 5.750% Junior
2457,SRFM,Surf Air Mobility Inc
2458,SRG,Seritage Growth Properties
2459,SRG-A,Seritage Growth Pptys [Srg/Pa]
2460,SRI,Stoneridge Inc
2461,SRL,Scully Royalty Ltd
2462,SRV,Nxg Cushing Midstream Energy Fund
2463,SSB,Southstate Corp
2464,SSD,Simpson Manufacturing Company
2465,SSL,Sasol Ltd ADR
2466,SST,System1 Inc
2467,SSTK,Shutterstock Inc
2468,ST,Sensata Technologies Holding N.V.
2469,STAG,Stag Industrial Inc
2470,STC,Stewart Information Services Corp
2471,STE,Steris Corp
2472,STEL,Stellar Bancorp Inc
2473,STEM,Stem Inc
2474,STEW,Srh Total Return Fund Inc
2475,STG,Sunlands Online Education Group ADR
2476,STK,Columbia Seligman Premium Technology
2477,STLA,Stellantis N.V.
2478,STM,Stmicroelectronics N.V. ADR
2479,STN,Stantec Inc
2480,STNG,Scorpio Tankers Inc
2481,STR,Sitio Royalties Corp
2482,STRV,Ea Series Strive 500 ETF
2483,STT,State Street Corp
2484,STT-G,State Street Corp [Stt/Pg]
2485,STVN,Stevanato Group S.P.A.
2486,STWD,Starwood Property Trust
2487,STXD,Strive 1000 Dividend Growth ETF
2488,STXE,Strive Emerging Markets Ex-China ETF
2489,STXG,Strive 1000 Growth ETF
2490,STXI,Strive International Developed Markets ETF
2491,STXK,Strive 2000 ETF
2492,STXM,Ea Series Trust Strive Mid-Cap ETF
2493,STXT,Strive Total Return Bond ETF
2494,STXV,Strive 1000 Value ETF
2495,STZ,Constellation Brands Inc
2496,SU,Suncor Energy Inc
2497,SUI,Sun Communities
2498,SUN,Sunoco LP
2499,SUP,Superior Industries International
2500,SUPP,Tcw Transform Supply Chain ETF
2501,SUPV,Grupo Supervielle S.A. ADR
2502,SUZ,Suzano Papel E Celul ADR
2503,SVV,Savers Value Village Inc
2504,SW,Smurfit Westrock Plc
2505,SWK,Stanley Black & Decker Inc
2506,SWX,Southwest Gas Corp
2507,SWZ,Total Return Securities Inc
2508,SXC,Suncoke Energy Inc
2509,SXI,Standex International Corp
2510,SXT,Sensient Technologies Corp
2511,SYF,Synchrony Financial
2512,SYF-A,Synchrony Financial 5.625% Prf Perpetual USD 25
2513,SYF-B,Synchrony Financial
2514,SYK,Stryker Corp
2515,SYY,Sysco Corp
2516,T,AT&T Inc
2517,T-A,AT&T Inc 5% Prf Perpetual USD 25 1/1000Th Int Se
2518,T-C,AT&T Inc 4.75% Prf Perpetual USD 25 1/1000Th Int
2519,TAC,Transalta Corp
2520,TAK,Takeda Pharmaceutical Ltd ADR
2521,TAL,Tal Education Group ADR
2522,TALO,Talos Energy Inc
2523,TAP,Molson Coors Brewing Company
2524,TAP.A,Molson Coors Brewing Cl A
2525,TBB,AT&T Inc 5.350% Global Notes Due 2066
2526,TBBB,BBB Foods Inc Cl A
2527,TBI,Trueblue Inc
2528,TBN,Tamboran Resources Corp
2529,TCI,Transcontinental Realty Investors
2530,TD,Toronto Dominion Bank
2531,TDC,Teradata Corp
2532,TDF,Templeton Dragon Fund
2533,TDG,Transdigm Group Inc
2534,TDOC,Teladoc Health Inc
2535,TDS,Telephone and Data Systems
2536,TDS-U,Telephone & Data Systems
2537,TDS-V,Telephone and Data Systems Inc
2538,TDW,Tidewater Inc
2539,TDY,Teledyne Technologies Inc
2540,TE,T1 Energy Inc
2541,TE.W,T1 Energy Inc WT
2542,TEAF,Tortoise Sustainable and Social Impact Term Fund
2543,TECK,Teck Resources Ltd
2544,TEF,Telefonica S.A. ADR
2545,TEI,Templeton Emerging Markets
2546,TEL,Te Connectivity Ltd
2547,TEN,Tsakos Energy Navigation Ltd
2548,TEN-E,Tsakos Energy Navigation Ltd [Ten/Pe]
2549,TEN-F,Tsakos Energy Navigation Ltd [Ten/Pf]
2550,TEO,Telecom Argentina Stet France Telecom ADR
2551,TEVA,Teva Pharmaceutical Industries ADR
2552,TEX,Terex Corp
2553,TFC,Truist Financial Corp
2554,TFC-I,Truist Financial Corp [Tfc/Pi]
2555,TFC-O,Truist Financial Corp [Tfc/Po]
2556,TFC-R,Truist Financial Corp [Tfc/Pr]
2557,TFII,Tfi International Inc
2558,TFPM,Triple Flag Precious Metals Corp
2559,TFSA,Terra Income Fund 6 Llc
2560,TFX,Teleflex Inc
2561,TG,Tredegar Corp
2562,TGE,The Generation Essentials Group Cl A
2563,TGI,Triumph Group
2564,TGLS,Tecnoglass Inc
2565,TGNA,Tegna Inc
2566,TGS,Transportadora DE Gas Sa Ord B ADR
2567,TGT,Target Corp
2568,THC,Tenet Healthcare Corp
2569,THG,The Hanover Insurance Group
2570,THIR,Thor Index Rotation ETF
2571,THLV,Thor Low Volatility ETF
2572,THO,Thor Industries
2573,THQ,Abrdn Healthcare Opportunities Fund
2574,THR,Thermon Group Holdings Inc
2575,THS,Treehouse Foods
2576,THW,Abrdn World Healthcare Fund
2577,TIC,Acuren Corp
2578,TIMB,Tim S.A. ADR
2579,TISI,Team Inc
2580,TIXT,Telus International [Cda] Inc Subordinate Voting
2581,TJX,TJX Companies
2582,TK,Teekay Corporation Ltd
2583,TKC,Turkcell Iletisim Hizmetleri As ADR
2584,TKO,Tko Group Holdings Inc Cl A
2585,TKR,Timken Company
2586,TLK,P.T. Telekomunikasi Indonesia Tbk ADR
2587,TLYS,Tilly's Inc
2588,TM,Toyota Motor Corp Ltd Ord ADR
2589,TME,Tencent Music Entertainment ADR
2590,TMHC,Taylor Morrison Home Corp
2591,TMO,Thermo Fisher Scientific Inc
2592,TNC,Tennant Company
2593,TNET,Trinet Group Inc
2594,TNGY,Tortoise Energy Fund
2595,TNK,Teekay Tankers Ltd
2596,TNL,Travel + Leisure Co.
2597,TOL,Toll Brothers Inc
2598,TOST,Toast Inc Cl A
2599,TPB,Turning Point Brands
2600,TPC,Tutor Perini Corp
2601,TPH,Tri Pointe Homes Inc
2602,TPL,Texas Pacific Land Trust
2603,TPR,Tapestry Inc
2604,TPTA,Terra Property Trust 6.00% Notes
2605,TPVG,Triplepoint Venture Growth Bdc
2606,TPYP,Tortoise North Amer Pipeline Fund
2607,TPZ,Tortoise Essential Energy Fund
2608,TR,Tootsie Roll Industries
2609,TRAK,Repositrak Inc
2610,TRC,Tejon Ranch Company
2611,TREX,Trex Company
2612,TRGP,Targa Resources
2613,TRN,Trinity Industries
2614,TRNO,Terreno Realty Corp
2615,TROX,Tronox Inc
2616,TRP,TC Energy Corp
2617,TRT-A,Triton Intl Ltd [Trtn/Pa]
2618,TRT-B,Triton Intl Ltd [Trtn/Pb]
2619,TRT-C,Triton Intl Ltd [Trtn/Pc]
2620,TRT-D,Triton Intl Ltd [Trtn/Pd]
2621,TRT-E,Triton Intl Ltd [Trtn/Pe]
2622,TRT-F,Triton International Limited
2623,TRT-P,Tpg Re Finance Trust Inc 6.25% Ser C [Trtx/Pc]
2624,TRTX,Tpg Re Finance Trust Inc
2625,TRU,Transunion
2626,TRV,The Travelers Companies Inc
2627,TS,Tenaris S.A. ADR
2628,TSE,Trinseo S.A.
2629,TSI,Tcw Strategic
2630,TSLX,Sixth Street Specialty Lending Inc
2631,TSM,Taiwan Semiconductor ADR
2632,TSN,Tyson Foods
2633,TSQ,Townsquare Media Llc
2634,TT,Trane Technologies Plc
2635,TTAM,Titan America Sa
2636,TTC,Toro Company
2637,TTE,Totalenergies Se ADR
2638,TTI,Tetra Technologies
2639,TU,Telus Corp
2640,TUYA,Tuya Inc ADR
2641,TV,Grupo Televisa S.A. ADR
2642,TVC,Tennessee Valley Authority
2643,TVE,Tennessee Valley Authority
2644,TWI,Titan International
2645,TWLO,Twilio
2646,TWN,Taiwan Fund
2647,TWO,Two Harbors Invt Corp
2648,TWO-A,Two Harbors Invt Corp [Two/Pa]
2649,TWO-B,Two Harbors Invt Corp [Two/Pb]
2650,TWO-C,Two Harbors Invt Corp [Two/Pc]
2651,TWOD,Two Harbors Investments Corp 9.375%
2652,TX,Ternium S.A. ADR
2653,TXNM,Txnm Energy Inc
2654,TXO,Txo Partners L.P.
2655,TXT,Textron Inc
2656,TY,Tri Continental Corp
2657,TY-,Tri Continental Corp
2658,TY.P,Tri Contl Corp [Ty/P]
2659,TYG,Tortoise Energy Infrastructure Corp
2660,TYL,Tyler Technologies
2661,U,Unity Software Inc
2662,UA,Under Armour Inc Cl C
2663,UAA,Under Armour
2664,UAN,Cvr Partners LP
2665,UBER,Uber Technologies Inc
2666,UBS,UBS Group Ag ADR
2667,UCB,United Community Banks Inc
2668,UCB-I,United Communty Banks Inc
2669,UDR,United Dominion Realty Trust
2670,UE,Urban Edge Properties
2671,UFI,Unifi Inc
2672,UGI,Ugi Corp
2673,UGP,Ultrapar Participacoes S.A. ADR
2674,UHA.B,U-Haul Holding Series N Non-Voting
2675,UHAL,U-Haul Holding Company
2676,UHS,Universal Health Services
2677,UHT,Universal Health Realty Income Trust
2678,UI,Ubiquiti Networks
2679,UIS,Unisys Corp
2680,UL,Unilever Plc ADR
2681,ULS,Ul Solutions Inc Cl A
2682,UMC,United Microelectronics Corp ADR
2683,UMH,Umh Properties
2684,UMH-D,Umh Pptys Inc [Umh/Pd]
2685,UNF,Unifirst Corp
2686,UNFI,United Nat Foods
2687,UNH,Unitedhealth Group Inc
2688,UNM,Unumprovident Corp
2689,UNMA,Unum Group 6.250% Junior
2690,UNP,Union Pacific Corp
2691,UP,Wheels Up Experience Inc
2692,UPS,United Parcel Service
2693,URI,United Rentals
2694,USA,Liberty All-Star Equity Fund
2695,USAC,USA Compression Partners LP
2696,USB,U.S. Bancorp
2697,USB-A,US Bancorp [Usb/Pa]
2698,USB-H,US Bancorp [Usb/Ph]
2699,USB-P,US Bancorp [Usb/Pp]
2700,USB-Q,US Bancorp [Usb/Pq]
2701,USB-R,US Bancorp [Usb/Pr]
2702,USB-S,U.S. Bancorp
2703,USFD,US Foods Holding
2704,USM,United States Cellular Corp
2705,USNA,Usana Health Sciences Inc
2706,USPH,U.S. Physical Therapy
2707,UTF,Cohen & Steers Infrastructure Fund
2708,UTI,Universal Technical Institute Inc
2709,UTL,Unitil Corp
2710,UTZ,Utz Brands Inc
2711,UVE,Universal Insurance Holdings Inc
2712,UVV,Universal Corp
2713,UWM.W,Uwm Hldg Corp WT [Uwmc/W]
2714,UWMC,Uwm Hldg Corp
2715,UZD,United States Cellular Corp 6.250% Senior
2716,UZE,United States Cellular Corp
2717,UZF,United States Cellular Corp 5.500%
2718,V,Visa Inc
2719,VAC,Marriot Vacations Worldwide Cor
2720,VAL,Valaris Ltd
2721,VAL.W,Valaris Ltd WT
2722,VALE,Vale S.A. ADR
2723,VATE,Innovate Corp
2724,VBF,Invesco Van Kampen Bond Fund
2725,VCV,Invesco California Value Muni Income Trust
2726,VEEV,Veeva Systems Inc
2727,VEL,Velocity Financial Inc
2728,VET,Vermilion Energy Inc
2729,VFC,V.F. Corp
2730,VG,Venture Global Inc Cl A
2731,VGI,Virtus Global Multi-Sector Income Fund
2732,VGM,Invesco Trust For Investment Grade Municipals
2733,VHC,Virnetx Holding Corp
2734,VHI,Valhi Inc
2735,VICI,Vici Properties Inc
2736,VIK,Viking Holdings Ltd
2737,VIPS,Vipshop Holdings Ltd ADR
2738,VIRT,Virtu Financial Cm A
2739,VIST,Vista Energy S.A.B. DE C.V. ADR
2740,VIV,Telecomunicacoes DE Sao Paulo ADR
2741,VKQ,Invesco Muni Trust
2742,VLN,Valens Semiconductor Ltd
2743,VLN.W,Valens Semiconductor Ltd WT
2744,VLO,Valero Energy Corp
2745,VLRS,Controladora Vuela Compaia DE ADR
2746,VLT,Invesco High
2747,VLTO,Veralto Corporation
2748,VMC,Vulcan Materials Company
2749,VMI,Valmont Industries
2750,VMO,Invesco Muni Opportunity Trust
2751,VNCE,Vince Holding Corp
2752,VNO,Vornado Realty Trust
2753,VNO-L,Vornado Rlty TR [Vno/Pl]
2754,VNO-M,Vornado Rlty TR [Vno/Pm]
2755,VNO-N,Vornado Realty Trust
2756,VNO-O,Vornado Realty Trust Pfd
2757,VNT,Vontier Corp
2758,VOC,Voc Energy Trust
2759,VOTE,Tcw Transform 500 ETF
2760,VOY-B,VOYA Finl Inc [Voya/Pb]
2761,VOYA,VOYA Financial Inc
2762,VOYG,Voyager Technologies Inc Cl A
2763,VPG,Vishay Precision Group
2764,VPV,Invesco Pennsylvania Muni
2765,VRE,Veris Residential Inc
2766,VRT,Vertiv Holdings Llc.
2767,VRTS,Virtus Investment Partners
2768,VSCO,Victorias Secret & Co.
2769,VSH,Vishay Intertechnology
2770,VST,Vistra Energy Corp
2771,VSTS,Vestis Corporation
2772,VTEX,Vtex Cl A
2773,VTLE,Vital Energy Inc
2774,VTMX,Corp Inmobiliaria Vesta S.A.B DE C.V. ADR
2775,VTN,Invesco Trust New York Muni
2776,VTOL,Bristow Group Inc
2777,VTR,Ventas Inc
2778,VTS,Vitesse Energy Inc
2779,VVR,Invesco Senior Income Trust
2780,VVV,Valvoline Inc
2781,VVX,V2X Inc
2782,VYX,NCR Voyix Corporation
2783,VZ,Verizon Communications Inc
2784,W,Wayfair Inc
2785,WAB,Wabtec Corp
2786,WAL,Western Alliance Bancorp
2787,WAL-A,Western Alliance Bancorp Pfd
2788,WAT,Waters Corp
2789,WBS,Webster Financial Corp
2790,WBS-F,Webster Financial Corp [Wbs/Pf]
2791,WBS-G,Webster Financial Corp ADR
2792,WBX,Wallbox N.V. Cl A
2793,WCC,Wesco International
2794,WCC-A,Wesco International Inc
2795,WCN,Waste Connections Inc
2796,WD,Walker & Dunlop
2797,WDH,Waterdrop Inc ADR
2798,WDI,Western Asset Diversified Income Fund
2799,WDS,Woodside Energy Group Ltd
2800,WEA,Western Asset Bond Fund
2801,WEAV,Weave Communications Inc
2802,WEC,Wisconsin Energy Corp
2803,WELL,Welltower Inc
2804,WES,Western Midstream Partners LP
2805,WEX,Wex Inc
2806,WF,Woori Finance Holdings Ltd ADR
2807,WFC,Wells Fargo & Company
2808,WFC-A,Wells Fargo & Co.
2809,WFC-C,Wells Fargo & Co.
2810,WFC-D,Wells Fargo & Co.
2811,WFC-L,Wells Fargo & Company [Wfc/Pl]
2812,WFC-Y,Wells Fargo & Company [Wfc/Py]
2813,WFC-Z,Wells Fargo & Company [Wfc/Pz]
2814,WFG,West Fraser Timber L
2815,WGO,Winnebago Industries
2816,WH,Wyndham Hotels & Resorts Inc
2817,WHD,Cactus Inc Cl A
2818,WHG,Westwood Holdings Group Inc
2819,WHR,Whirlpool Corp
2820,WIA,U.S. Treasury Inflation Prot Secs Fd
2821,WINN,Harbor Long-Term Growers ETF
2822,WIT,Wipro Ltd ADR
2823,WIW,U.S Treasury Inflation Prot Secs Fd 2
2824,WK,Workiva Llc
2825,WKC,World Kinect Corp
2826,WLK,Westlake Corp
2827,WLKP,Westlake Chemical Partners LP
2828,WLTG,ETF Opp Wealthtrust Dbs Long Term Growth ETF
2829,WLY,John Wiley Sons Cl A
2830,WLYB,John Wiley Sons Cl B
2831,WM,Waste Management
2832,WMB,Williams Companies
2833,WMK,Weis Markets
2834,WMS,Advanced Drainage Systems Inc
2835,WMT,Walmart Inc
2836,WNC,Wabash National Corp
2837,WNS,Wns Ltd ADR
2838,WOLF,Wolfspeed Inc
2839,WOR,Worthington Enterprises Inc
2840,WOW,Wideopenwest Inc
2841,WPC,W.P. Carey & Company Llc
2842,WPM,Wheaton Precious Metals
2843,WPP,Wpp Plc ADR
2844,WRB,W.R. Berkley Corp
2845,WRB-E,Berkley W.R. Corp [Wrb/Pe]
2846,WRB-F,Berkley W.R. Corp [Wrb/Pf]
2847,WRB-G,Berkley W.R. Corp [Wrb/Pg]
2848,WRB-H,Berkley W.R. Corp [Wrb/Ph]
2849,WRBY,Warby Parker Inc Cl A
2850,WS,Worthington Steel Inc
2851,WSM,Williams-Sonoma
2852,WSO,Watsco Inc
2853,WSO.B,Watsco Inc Cl B
2854,WSR,Whitestone REIT
2855,WST,West Pharmaceutical Services
2856,WT,Wisdomtree Inc
2857,WTI,W&T Offshore
2858,WTM,White Mountains Insurance Group
2859,WTRG,Essential Utilities Inc
2860,WTS,Watts Water Technologies
2861,WTTR,Select Water Solutions Inc
2862,WU,Western Union Company
2863,WWW,Wolverine World Wide
2864,WY,Weyerhaeuser Company
2865,X,United States Steel Corp
2866,XFL-A,Xai Octagon Fltng Rat & Altr Inm TR [Xflt/Pa]
2867,XFLT,Xai Octagon Floating Alt Income Term Trust Compa
2868,XHR,Xenia Hotels & Resorts Inc
2869,XIFR,Xplr Infrastructure LP
2870,XIN,Xinyuan Real Estate Ltd ADR
2871,XOM,Exxon Mobil Corp
2872,XPER,Xperi Inc
2873,XPEV,Xpeng Inc ADR
2874,XPO,Xpo Inc
2875,XPOF,Xponential Fitness Inc Cl A
2876,XPRO,Expro Group Hldgs N.V.
2877,XYF,X Financial ADR
2878,XYL,Xylem Inc
2879,XYZ,Block Inc
2880,YALA,Yalla Group Ltd ADR
2881,YELP,Yelp Inc
2882,YETI,Yeti Holdings Inc
2883,YEXT,Yext Inc
2884,YMM,Full Truck Alliance Ltd ADR
2885,YOU,Clear Secure Inc Cl A
2886,YPF,Ypf Sociedad Anonima ADR
2887,YRD,Yirendai Ltd ADR
2888,YSG,Yatsen Holding Ltd ADR
2889,YUM,Yum! Brands
2890,YUMC,Yum China Holdings Inc
2891,ZBH,Zimmer Biomet Holdings
2892,ZEPP,Zepp Health Corp ADR
2893,ZETA,Zeta Global Holdings Corp Cl A
2894,ZGN,Ermenegildo Zegna N.V.
2895,ZH,Zhihu Inc ADR
2896,ZIM,Zim Integrated Shipping Services Ltd
2897,ZIP,Ziprecruiter Inc Cl A
2898,ZK,Zeekr Intelligent Technology Holding ADR
2899,ZKH,Zkh Group Limited ADR
2900,ZTO,Zto Express Cayman Inc ADR
2901,ZTR,Virtus Total Return Fund Inc
2902,ZTS,Zoetis Inc Cl A
2903,ZVIA,Zevia Pbc Cl A
2904,ZWS,Zurn Elkay Water Solutions Corp
